time,iteration,hypothesis,params,split,fill,events,trades,win_rate,avg_cost,pnl_per_share,roi,p,threshold,verdict,note
2026-09-29T09:26:21Z,1,H1_fav_band,"{""cat"": ""sports"", ""hi"": 0.7, ""lo"": 0.6, ""timing"": ""any""}",discovery,next,11689,9051,0.6134,0.6383,-0.02488,-0.03898,1.00000,,,
2026-09-29T09:26:31Z,1,H1_fav_band,"{""cat"": ""other"", ""hi"": 0.7, ""lo"": 0.6, ""timing"": ""any""}",discovery,next,123,111,0.6757,0.6627,0.01293,0.01952,0.42837,,,
2026-09-29T09:27:02Z,1,H1_fav_band,"{""cat"": ""sports"", ""hi"": 0.7, ""lo"": 0.6, ""timing"": ""gameday""}",discovery,next,10507,8377,0.6104,0.6392,-0.02885,-0.04513,1.00000,,,
2026-09-29T09:27:11Z,1,H1_fav_band,"{""cat"": ""other"", ""hi"": 0.7, ""lo"": 0.6, ""timing"": ""gameday""}",discovery,next,103,96,0.6250,0.6590,-0.03396,-0.05153,0.78924,,,
2026-09-29T09:27:30Z,1,H1_fav_band,"{""cat"": ""sports"", ""hi"": 0.7, ""lo"": 0.6, ""timing"": ""before""}",discovery,next,4048,3441,0.6330,0.6478,-0.01483,-0.02289,0.96718,,,
2026-09-29T09:27:40Z,1,H1_fav_band,"{""cat"": ""other"", ""hi"": 0.7, ""lo"": 0.6, ""timing"": ""before""}",discovery,next,113,101,0.6832,0.6625,0.02068,0.03121,0.37323,,,
2026-09-29T09:28:13Z,1,H1_fav_band,"{""cat"": ""sports"", ""hi"": 0.8, ""lo"": 0.7, ""timing"": ""any""}",discovery,next,11455,8051,0.7108,0.7283,-0.01743,-0.02394,0.99988,,,
2026-09-29T09:28:23Z,1,H1_fav_band,"{""cat"": ""other"", ""hi"": 0.8, ""lo"": 0.7, ""timing"": ""any""}",discovery,next,129,111,0.7027,0.7460,-0.04334,-0.05810,0.87710,,,
2026-09-29T09:28:55Z,1,H1_fav_band,"{""cat"": ""sports"", ""hi"": 0.8, ""lo"": 0.7, ""timing"": ""gameday""}",discovery,next,10313,7492,0.7146,0.7294,-0.01472,-0.02019,0.99826,,,
2026-09-29T09:29:05Z,1,H1_fav_band,"{""cat"": ""other"", ""hi"": 0.8, ""lo"": 0.7, ""timing"": ""gameday""}",discovery,next,104,93,0.7634,0.7434,0.02006,0.02699,0.38285,,,
2026-09-29T09:29:24Z,1,H1_fav_band,"{""cat"": ""sports"", ""hi"": 0.8, ""lo"": 0.7, ""timing"": ""before""}",discovery,next,3340,2697,0.7316,0.7451,-0.01351,-0.01813,0.94856,,,
2026-09-29T09:29:33Z,1,H1_fav_band,"{""cat"": ""other"", ""hi"": 0.8, ""lo"": 0.7, ""timing"": ""before""}",discovery,next,112,96,0.6771,0.7475,-0.07045,-0.09424,0.95296,,,
2026-09-29T09:31:15Z,1,H1_fav_band,"{""cat"": ""sports"", ""hi"": 0.9, ""lo"": 0.8, ""timing"": ""any""}",discovery,next,11124,7386,0.8060,0.8191,-0.01308,-0.01597,0.99848,,,
2026-09-29T09:31:26Z,1,H1_fav_band,"{""cat"": ""other"", ""hi"": 0.9, ""lo"": 0.8, ""timing"": ""any""}",discovery,next,136,120,0.9250,0.8541,0.07085,0.08295,0.01402,,,
2026-09-29T09:32:00Z,1,H1_fav_band,"{""cat"": ""sports"", ""hi"": 0.9, ""lo"": 0.8, ""timing"": ""gameday""}",discovery,next,10100,6956,0.8105,0.8210,-0.01046,-0.01274,0.98978,,,
