slug,start
btc-updown-5m-1790678100,1790678100
btc-updown-5m-1790678400,1790678400
btc-updown-5m-1790678700,1790678700
btc-updown-5m-1790679600,1790679600
btc-updown-5m-1790679900,1790679900
btc-updown-5m-1790680200,1790680200
btc-updown-5m-1790680500,1790680500
btc-updown-5m-1790682000,1790682000
eth-updown-5m-1790682000,1790682000
sol-updown-5m-1790682000,1790682000
xrp-updown-5m-1790682000,1790682000
doge-updown-5m-1790682000,1790682000
sol-updown-5m-1790682300,1790682300
eth-updown-5m-1790682300,1790682300
xrp-updown-5m-1790682300,1790682300
btc-updown-5m-1790682300,1790682300
doge-updown-5m-1790682300,1790682300
btc-updown-5m-1790682600,1790682600
sol-updown-5m-1790682600,1790682600
xrp-updown-5m-1790682600,1790682600
eth-updown-5m-1790682600,1790682600
doge-updown-5m-1790682600,1790682600
xrp-updown-5m-1790682900,1790682900
sol-updown-5m-1790682900,1790682900
eth-updown-5m-1790682900,1790682900
doge-updown-5m-1790682900,1790682900
btc-updown-5m-1790683500,1790683500
xrp-updown-5m-1790683500,1790683500
sol-updown-5m-1790683500,1790683500
eth-updown-5m-1790683500,1790683500
doge-updown-5m-1790683500,1790683500
sol-updown-5m-1790683800,1790683800
eth-updown-5m-1790683800,1790683800
doge-updown-5m-1790683800,1790683800
btc-updown-5m-1790683800,1790683800
xrp-updown-5m-1790683800,1790683800
xrp-updown-5m-1790684100,1790684100
sol-updown-5m-1790684100,1790684100
eth-updown-5m-1790684100,1790684100
btc-updown-5m-1790684100,1790684100
doge-updown-5m-1790684100,1790684100
btc-updown-5m-1790684400,1790684400
xrp-updown-5m-1790684400,1790684400
xrp-updown-5m-1790685000,1790685000
doge-updown-5m-1790685000,1790685000
btc-updown-5m-1790685000,1790685000
sol-updown-5m-1790685000,1790685000
eth-updown-5m-1790685000,1790685000
xrp-updown-5m-1790685300,1790685300
btc-updown-5m-1790685300,1790685300
sol-updown-5m-1790685300,1790685300
eth-updown-5m-1790685300,1790685300
doge-updown-5m-1790685300,1790685300
xrp-updown-5m-1790685600,1790685600
sol-updown-5m-1790685600,1790685600
eth-updown-5m-1790685600,1790685600
btc-updown-5m-1790685600,1790685600
doge-updown-5m-1790685600,1790685600
xrp-updown-5m-1790685900,1790685900
sol-updown-5m-1790685900,1790685900
doge-updown-5m-1790685900,1790685900
eth-updown-5m-1790685900,1790685900
btc-updown-5m-1790685900,1790685900
xrp-updown-5m-1790686200,1790686200
btc-updown-5m-1790686200,1790686200
sol-updown-5m-1790686200,1790686200
eth-updown-5m-1790686200,1790686200
doge-updown-5m-1790686200,1790686200
eth-updown-5m-1790686500,1790686500
btc-updown-5m-1790686500,1790686500
xrp-updown-5m-1790686500,1790686500
sol-updown-5m-1790686500,1790686500
doge-updown-5m-1790686500,1790686500
doge-updown-5m-1790686800,1790686800
eth-updown-5m-1790686800,1790686800
xrp-updown-5m-1790686800,1790686800
btc-updown-5m-1790686800,1790686800
sol-updown-5m-1790686800,1790686800
xrp-updown-5m-1790687100,1790687100
sol-updown-5m-1790687100,1790687100
doge-updown-5m-1790687100,1790687100
eth-updown-5m-1790687100,1790687100
btc-updown-5m-1790687100,1790687100
btc-updown-5m-1790687400,1790687400
eth-updown-5m-1790687400,1790687400
sol-updown-5m-1790687400,1790687400
xrp-updown-5m-1790687400,1790687400
doge-updown-5m-1790687400,1790687400
eth-updown-5m-1790687700,1790687700
btc-updown-5m-1790687700,1790687700
xrp-updown-5m-1790687700,1790687700
sol-updown-5m-1790687700,1790687700
doge-updown-5m-1790687700,1790687700
doge-updown-5m-1790688000,1790688000
eth-updown-5m-1790688000,1790688000
sol-updown-5m-1790688000,1790688000
btc-updown-5m-1790688000,1790688000
xrp-updown-5m-1790688000,1790688000
sol-updown-5m-1790688300,1790688300
xrp-updown-5m-1790688300,1790688300
doge-updown-5m-1790688300,1790688300
btc-updown-5m-1790688300,1790688300
eth-updown-5m-1790688300,1790688300
doge-updown-5m-1790688600,1790688600
eth-updown-5m-1790688600,1790688600
sol-updown-5m-1790688600,1790688600
btc-updown-5m-1790688600,1790688600
xrp-updown-5m-1790688600,1790688600
eth-updown-5m-1790688900,1790688900
xrp-updown-5m-1790688900,1790688900
btc-updown-5m-1790688900,1790688900
sol-updown-5m-1790688900,1790688900
doge-updown-5m-1790688900,1790688900
doge-updown-5m-1790689200,1790689200
btc-updown-5m-1790689200,1790689200
sol-updown-5m-1790689200,1790689200
xrp-updown-5m-1790689200,1790689200
eth-updown-5m-1790689200,1790689200
doge-updown-5m-1790689500,1790689500
sol-updown-5m-1790689500,1790689500
btc-updown-5m-1790689500,1790689500
eth-updown-5m-1790689500,1790689500
xrp-updown-5m-1790689500,1790689500
xrp-updown-5m-1790689800,1790689800
eth-updown-5m-1790689800,1790689800
btc-updown-5m-1790689800,1790689800
sol-updown-5m-1790689800,1790689800
doge-updown-5m-1790689800,1790689800
btc-updown-5m-1790690100,1790690100
doge-updown-5m-1790690100,1790690100
sol-updown-5m-1790690100,1790690100
eth-updown-5m-1790690100,1790690100
xrp-updown-5m-1790690100,1790690100
sol-updown-5m-1790690400,1790690400
doge-updown-5m-1790690400,1790690400
eth-updown-5m-1790690400,1790690400
xrp-updown-5m-1790690400,1790690400
btc-updown-5m-1790690400,1790690400
sol-updown-5m-1790690700,1790690700
doge-updown-5m-1790690700,1790690700
btc-updown-5m-1790690700,1790690700
eth-updown-5m-1790690700,1790690700
xrp-updown-5m-1790690700,1790690700
xrp-updown-5m-1790691000,1790691000
doge-updown-5m-1790691000,1790691000
btc-updown-5m-1790691000,1790691000
sol-updown-5m-1790691000,1790691000
eth-updown-5m-1790691000,1790691000
sol-updown-5m-1790691300,1790691300
doge-updown-5m-1790691300,1790691300
eth-updown-5m-1790691300,1790691300
xrp-updown-5m-1790691300,1790691300
btc-updown-5m-1790691300,1790691300
sol-updown-5m-1790691600,1790691600
xrp-updown-5m-1790691600,1790691600
eth-updown-5m-1790691600,1790691600
doge-updown-5m-1790691600,1790691600
btc-updown-5m-1790691600,1790691600
xrp-updown-5m-1790691900,1790691900
btc-updown-5m-1790691900,1790691900
sol-updown-5m-1790691900,1790691900
eth-updown-5m-1790691900,1790691900
doge-updown-5m-1790691900,1790691900
doge-updown-5m-1790692200,1790692200
xrp-updown-5m-1790692200,1790692200
eth-updown-5m-1790692200,1790692200
sol-updown-5m-1790692200,1790692200
btc-updown-5m-1790692200,1790692200
xrp-updown-5m-1790692500,1790692500
doge-updown-5m-1790692500,1790692500
btc-updown-5m-1790692500,1790692500
sol-updown-5m-1790692500,1790692500
eth-updown-5m-1790692500,1790692500
xrp-updown-5m-1790692800,1790692800
sol-updown-5m-1790692800,1790692800
eth-updown-5m-1790692800,1790692800
doge-updown-5m-1790692800,1790692800
btc-updown-5m-1790692800,1790692800
xrp-updown-5m-1790693100,1790693100
doge-updown-5m-1790693100,1790693100
sol-updown-5m-1790693100,1790693100
btc-updown-5m-1790693100,1790693100
eth-updown-5m-1790693100,1790693100
btc-updown-5m-1790693400,1790693400
doge-updown-5m-1790693400,1790693400
eth-updown-5m-1790693400,1790693400
sol-updown-5m-1790693400,1790693400
xrp-updown-5m-1790693400,1790693400
eth-updown-5m-1790693700,1790693700
sol-updown-5m-1790693700,1790693700
btc-updown-5m-1790693700,1790693700
xrp-updown-5m-1790693700,1790693700
doge-updown-5m-1790693700,1790693700
doge-updown-5m-1790694000,1790694000
sol-updown-5m-1790694000,1790694000
eth-updown-5m-1790694000,1790694000
xrp-updown-5m-1790694000,1790694000
btc-updown-5m-1790694000,1790694000
doge-updown-5m-1790694300,1790694300
sol-updown-5m-1790694300,1790694300
btc-updown-5m-1790694300,1790694300
xrp-updown-5m-1790694300,1790694300
eth-updown-5m-1790694300,1790694300
doge-updown-5m-1790694600,1790694600
eth-updown-5m-1790694600,1790694600
btc-updown-5m-1790694600,1790694600
xrp-updown-5m-1790694600,1790694600
sol-updown-5m-1790694600,1790694600
eth-updown-5m-1790694900,1790694900
xrp-updown-5m-1790694900,1790694900
sol-updown-5m-1790694900,1790694900
btc-updown-5m-1790694900,1790694900
doge-updown-5m-1790694900,1790694900
doge-updown-5m-1790695200,1790695200
btc-updown-5m-1790695200,1790695200
eth-updown-5m-1790695200,1790695200
xrp-updown-5m-1790695200,1790695200
sol-updown-5m-1790695200,1790695200
eth-updown-5m-1790695500,1790695500
xrp-updown-5m-1790695500,1790695500
btc-updown-5m-1790695500,1790695500
sol-updown-5m-1790695500,1790695500
doge-updown-5m-1790695500,1790695500
sol-updown-5m-1790695800,1790695800
eth-updown-5m-1790695800,1790695800
btc-updown-5m-1790695800,1790695800
xrp-updown-5m-1790695800,1790695800
doge-updown-5m-1790695800,1790695800
eth-updown-5m-1790696100,1790696100
xrp-updown-5m-1790696100,1790696100
doge-updown-5m-1790696100,1790696100
sol-updown-5m-1790696100,1790696100
btc-updown-5m-1790696100,1790696100
btc-updown-5m-1790696400,1790696400
sol-updown-5m-1790696400,1790696400
eth-updown-5m-1790696400,1790696400
xrp-updown-5m-1790696400,1790696400
doge-updown-5m-1790696400,1790696400
eth-updown-5m-1790696700,1790696700
xrp-updown-5m-1790696700,1790696700
doge-updown-5m-1790696700,1790696700
btc-updown-5m-1790696700,1790696700
sol-updown-5m-1790696700,1790696700
xrp-updown-5m-1790697000,1790697000
eth-updown-5m-1790697000,1790697000
sol-updown-5m-1790697000,1790697000
btc-updown-5m-1790697000,1790697000
doge-updown-5m-1790697000,1790697000
eth-updown-5m-1790697300,1790697300
btc-updown-5m-1790697300,1790697300
xrp-updown-5m-1790697300,1790697300
sol-updown-5m-1790697300,1790697300
doge-updown-5m-1790697300,1790697300
doge-updown-5m-1790697600,1790697600
eth-updown-5m-1790697600,1790697600
xrp-updown-5m-1790697600,1790697600
sol-updown-5m-1790697600,1790697600
btc-updown-5m-1790697600,1790697600
doge-updown-5m-1790697900,1790697900
xrp-updown-5m-1790697900,1790697900
eth-updown-5m-1790697900,1790697900
sol-updown-5m-1790697900,1790697900
btc-updown-5m-1790697900,1790697900
eth-updown-5m-1790698200,1790698200
btc-updown-5m-1790698200,1790698200
xrp-updown-5m-1790698200,1790698200
sol-updown-5m-1790698200,1790698200
doge-updown-5m-1790698200,1790698200
eth-updown-5m-1790698500,1790698500
doge-updown-5m-1790698500,1790698500
btc-updown-5m-1790698500,1790698500
sol-updown-5m-1790698500,1790698500
xrp-updown-5m-1790698500,1790698500
doge-updown-5m-1790698800,1790698800
eth-updown-5m-1790698800,1790698800
btc-updown-5m-1790698800,1790698800
sol-updown-5m-1790698800,1790698800
xrp-updown-5m-1790698800,1790698800
xrp-updown-5m-1790699100,1790699100
eth-updown-5m-1790699100,1790699100
btc-updown-5m-1790699100,1790699100
sol-updown-5m-1790699100,1790699100
doge-updown-5m-1790699100,1790699100
sol-updown-5m-1790699400,1790699400
eth-updown-5m-1790699400,1790699400
xrp-updown-5m-1790699400,1790699400
btc-updown-5m-1790699400,1790699400
doge-updown-5m-1790699400,1790699400
eth-updown-5m-1790699700,1790699700
doge-updown-5m-1790699700,1790699700
xrp-updown-5m-1790699700,1790699700
btc-updown-5m-1790699700,1790699700
sol-updown-5m-1790699700,1790699700
sol-updown-5m-1790700000,1790700000
eth-updown-5m-1790700000,1790700000
xrp-updown-5m-1790700000,1790700000
doge-updown-5m-1790700000,1790700000
btc-updown-5m-1790700000,1790700000
eth-updown-5m-1790700300,1790700300
btc-updown-5m-1790700300,1790700300
xrp-updown-5m-1790700300,1790700300
sol-updown-5m-1790700300,1790700300
doge-updown-5m-1790700300,1790700300
xrp-updown-5m-1790700600,1790700600
sol-updown-5m-1790700600,1790700600
doge-updown-5m-1790700600,1790700600
eth-updown-5m-1790700600,1790700600
btc-updown-5m-1790700600,1790700600
doge-updown-5m-1790700900,1790700900
eth-updown-5m-1790700900,1790700900
sol-updown-5m-1790700900,1790700900
btc-updown-5m-1790700900,1790700900
xrp-updown-5m-1790700900,1790700900
sol-updown-5m-1790701200,1790701200
doge-updown-5m-1790701200,1790701200
btc-updown-5m-1790701200,1790701200
eth-updown-5m-1790701200,1790701200
xrp-updown-5m-1790701200,1790701200
eth-updown-5m-1790701500,1790701500
doge-updown-5m-1790701500,1790701500
sol-updown-5m-1790701500,1790701500
btc-updown-5m-1790701500,1790701500
xrp-updown-5m-1790701500,1790701500
doge-updown-5m-1790701800,1790701800
btc-updown-5m-1790701800,1790701800
xrp-updown-5m-1790701800,1790701800
sol-updown-5m-1790701800,1790701800
eth-updown-5m-1790701800,1790701800
doge-updown-5m-1790702100,1790702100
btc-updown-5m-1790702100,1790702100
xrp-updown-5m-1790702100,1790702100
sol-updown-5m-1790702100,1790702100
eth-updown-5m-1790702100,1790702100
