market_id,start_ts,t,day,side,z5,lag,won,price,fee,size,filled,pnl,reason,coin,run
btc-updown-5m-1791054900,1791054900.0,1791054964.0,2026-10-03,Up,9.505210572656562,0.3,0.0,,,,False,,book_unavailable,btc,_temp
btc-updown-5m-1791054900,1791054900.0,1791054964.0,2026-10-03,Up,9.505210572656562,0.35,0.0,,,,False,,book_unavailable,btc,_temp
btc-updown-5m-1791054900,1791054900.0,1791054964.0,2026-10-03,Up,9.505210572656562,0.4,0.0,,,,False,,book_unavailable,btc,_temp
btc-updown-5m-1791054900,1791054900.0,1791054964.0,2026-10-03,Up,9.505210572656562,0.5,0.0,,,,False,,book_unavailable,btc,_temp
btc-updown-5m-1791055500,1791055500.0,1791055768.0,2026-10-03,Down,7.219643639432251,0.3,1.0,0.99,,2288.05,False,,outside_frozen_price_band,btc,_temp
btc-updown-5m-1791055500,1791055500.0,1791055768.0,2026-10-03,Down,7.219643639432251,0.35,1.0,0.99,,2288.05,False,,outside_frozen_price_band,btc,_temp
btc-updown-5m-1791055500,1791055500.0,1791055768.0,2026-10-03,Down,7.219643639432251,0.4,1.0,0.99,,2274.9,False,,outside_frozen_price_band,btc,_temp
btc-updown-5m-1791055500,1791055500.0,1791055768.0,2026-10-03,Down,7.219643639432251,0.5,1.0,0.99,,1609.02,False,,outside_frozen_price_band,btc,_temp
btc-updown-5m-1791055800,1791055800.0,1791055984.0,2026-10-03,Down,12.91892550283504,0.3,1.0,0.98,0.001372,481.78,True,0.018628,filled,btc,_temp
btc-updown-5m-1791055800,1791055800.0,1791055984.0,2026-10-03,Down,12.91892550283504,0.35,1.0,0.98,0.001372,380.78,True,0.018628,filled,btc,_temp
btc-updown-5m-1791055800,1791055800.0,1791055984.0,2026-10-03,Down,12.91892550283504,0.4,1.0,0.98,0.001372,350.03,True,0.018628,filled,btc,_temp
btc-updown-5m-1791055800,1791055800.0,1791055984.0,2026-10-03,Down,12.91892550283504,0.5,1.0,0.98,0.001372,330.03,True,0.018628,filled,btc,_temp
btc-updown-5m-1791056100,1791056100.0,1791056188.0,2026-10-03,Down,2.9630821896001724,0.3,1.0,,,,False,,book_unavailable,btc,_temp
btc-updown-5m-1791056100,1791056100.0,1791056188.0,2026-10-03,Down,2.9630821896001724,0.35,1.0,,,,False,,book_unavailable,btc,_temp
btc-updown-5m-1791056100,1791056100.0,1791056188.0,2026-10-03,Down,2.9630821896001724,0.4,1.0,,,,False,,book_unavailable,btc,_temp
btc-updown-5m-1791056100,1791056100.0,1791056188.0,2026-10-03,Down,2.9630821896001724,0.5,1.0,,,,False,,book_unavailable,btc,_temp
btc-updown-5m-1791056400,1791056400.0,1791056519.0,2026-10-03,Up,3.279624874829381,0.3,1.0,,,,False,,book_unavailable,btc,_temp
btc-updown-5m-1791056400,1791056400.0,1791056519.0,2026-10-03,Up,3.279624874829381,0.35,1.0,,,,False,,book_unavailable,btc,_temp
btc-updown-5m-1791056400,1791056400.0,1791056519.0,2026-10-03,Up,3.279624874829381,0.4,1.0,,,,False,,book_unavailable,btc,_temp
btc-updown-5m-1791056400,1791056400.0,1791056519.0,2026-10-03,Up,3.279624874829381,0.5,1.0,,,,False,,book_unavailable,btc,_temp
btc-updown-5m-1791056700,1791056700.0,1791056828.0,2026-10-03,Down,3.461127334327616,0.3,1.0,0.97,0.002037,141.14,True,0.027963,filled,btc,_temp
btc-updown-5m-1791056700,1791056700.0,1791056828.0,2026-10-03,Down,3.461127334327616,0.35,1.0,0.97,0.002037,141.14,True,0.027963,filled,btc,_temp
btc-updown-5m-1791056700,1791056700.0,1791056828.0,2026-10-03,Down,3.461127334327616,0.4,1.0,0.97,0.002037,141.14,True,0.027963,filled,btc,_temp
btc-updown-5m-1791056700,1791056700.0,1791056828.0,2026-10-03,Down,3.461127334327616,0.5,1.0,0.97,0.002037,141.13,True,0.027963,filled,btc,_temp
btc-updown-5m-1791058200,1791058200.0,1791058294.0,2026-10-03,Up,4.5870728374358825,0.3,1.0,,,,False,,book_unavailable,btc,_temp
btc-updown-5m-1791058200,1791058200.0,1791058294.0,2026-10-03,Up,4.5870728374358825,0.35,1.0,,,,False,,book_unavailable,btc,_temp
btc-updown-5m-1791058200,1791058200.0,1791058294.0,2026-10-03,Up,4.5870728374358825,0.4,1.0,,,,False,,book_unavailable,btc,_temp
btc-updown-5m-1791058200,1791058200.0,1791058294.0,2026-10-03,Up,4.5870728374358825,0.5,1.0,,,,False,,book_unavailable,btc,_temp
btc-updown-5m-1791058500,1791058500.0,1791058617.0,2026-10-03,Down,7.308864521529096,0.3,0.0,0.75,0.013125,3.7,False,,depth,btc,_temp
btc-updown-5m-1791058500,1791058500.0,1791058617.0,2026-10-03,Down,7.308864521529096,0.35,0.0,0.75,0.013125,19.7,True,-0.763125,filled,btc,_temp
btc-updown-5m-1791058500,1791058500.0,1791058617.0,2026-10-03,Down,7.308864521529096,0.4,0.0,0.75,0.013125,19.7,True,-0.763125,filled,btc,_temp
btc-updown-5m-1791058500,1791058500.0,1791058617.0,2026-10-03,Down,7.308864521529096,0.5,0.0,0.75,0.013125,54.7,True,-0.763125,filled,btc,_temp
btc-updown-5m-1791058800,1791058800.0,1791058952.0,2026-10-03,Up,3.3840532942906143,0.3,0.0,0.97,0.002037,139.35,True,-0.972037,filled,btc,_temp
btc-updown-5m-1791058800,1791058800.0,1791058952.0,2026-10-03,Up,3.3840532942906143,0.35,0.0,0.97,0.002037,134.19,True,-0.972037,filled,btc,_temp
btc-updown-5m-1791058800,1791058800.0,1791058952.0,2026-10-03,Up,3.3840532942906143,0.4,0.0,0.97,0.002037,134.19,True,-0.972037,filled,btc,_temp
btc-updown-5m-1791058800,1791058800.0,1791058952.0,2026-10-03,Up,3.3840532942906143,0.5,0.0,0.97,0.002037,186.03,True,-0.972037,filled,btc,_temp
btc-updown-5m-1791059700,1791059700.0,1791059762.0,2026-10-03,Down,33.73597857310341,0.3,1.0,0.88,0.007392,480.04,True,0.112608,filled,btc,_temp
btc-updown-5m-1791059700,1791059700.0,1791059762.0,2026-10-03,Down,33.73597857310341,0.35,1.0,0.88,0.007392,474.35,True,0.112608,filled,btc,_temp
btc-updown-5m-1791059700,1791059700.0,1791059762.0,2026-10-03,Down,33.73597857310341,0.4,1.0,0.88,0.007392,474.35,True,0.112608,filled,btc,_temp
btc-updown-5m-1791059700,1791059700.0,1791059762.0,2026-10-03,Down,33.73597857310341,0.5,1.0,0.88,0.007392,403.29,True,0.112608,filled,btc,_temp
btc-updown-5m-1791060000,1791060000.0,1791060234.0,2026-10-03,Down,7.715610994632591,0.3,1.0,0.81,0.0107729999999999,211.52,True,0.1792269999999999,filled,btc,_temp
btc-updown-5m-1791060000,1791060000.0,1791060234.0,2026-10-03,Down,7.715610994632591,0.35,1.0,0.81,0.0107729999999999,376.85,True,0.1792269999999999,filled,btc,_temp
btc-updown-5m-1791060000,1791060000.0,1791060234.0,2026-10-03,Down,7.715610994632591,0.4,1.0,0.81,0.0107729999999999,340.2,True,0.1792269999999999,filled,btc,_temp
btc-updown-5m-1791060000,1791060000.0,1791060234.0,2026-10-03,Down,7.715610994632591,0.5,1.0,0.8,0.0112,324.95,True,0.1887999999999999,filled,btc,_temp
btc-updown-5m-1791060300,1791060300.0,1791060532.0,2026-10-03,Down,4.285353360985168,0.3,1.0,,,,False,,book_unavailable,btc,_temp
btc-updown-5m-1791060300,1791060300.0,1791060532.0,2026-10-03,Down,4.285353360985168,0.35,1.0,,,,False,,book_unavailable,btc,_temp
btc-updown-5m-1791060300,1791060300.0,1791060532.0,2026-10-03,Down,4.285353360985168,0.4,1.0,,,,False,,book_unavailable,btc,_temp
btc-updown-5m-1791060300,1791060300.0,1791060532.0,2026-10-03,Down,4.285353360985168,0.5,1.0,,,,False,,book_unavailable,btc,_temp
btc-updown-5m-1791060600,1791060600.0,1791060687.0,2026-10-03,Down,5.345101367718245,0.3,1.0,,,,False,,book_unavailable,btc,_temp
btc-updown-5m-1791060600,1791060600.0,1791060687.0,2026-10-03,Down,5.345101367718245,0.35,1.0,,,,False,,book_unavailable,btc,_temp
btc-updown-5m-1791060600,1791060600.0,1791060687.0,2026-10-03,Down,5.345101367718245,0.4,1.0,,,,False,,book_unavailable,btc,_temp
btc-updown-5m-1791060600,1791060600.0,1791060687.0,2026-10-03,Down,5.345101367718245,0.5,1.0,,,,False,,book_unavailable,btc,_temp
btc-updown-5m-1791061200,1791061200.0,1791061261.0,2026-10-03,Up,4.978287471509959,0.3,0.0,0.77,0.012397,45.0,True,-0.782397,filled,btc,_temp
btc-updown-5m-1791061200,1791061200.0,1791061261.0,2026-10-03,Up,4.978287471509959,0.35,0.0,0.77,0.012397,306.48,True,-0.782397,filled,btc,_temp
btc-updown-5m-1791061200,1791061200.0,1791061261.0,2026-10-03,Up,4.978287471509959,0.4,0.0,0.77,0.012397,320.75,True,-0.782397,filled,btc,_temp
btc-updown-5m-1791061200,1791061200.0,1791061261.0,2026-10-03,Up,4.978287471509959,0.5,0.0,0.76,0.012768,369.87,True,-0.772768,filled,btc,_temp
btc-updown-5m-1791061500,1791061500.0,1791061612.0,2026-10-03,Down,2.755966698801662,0.3,1.0,0.98,0.001372,2336.55,True,0.018628,filled,btc,_temp
btc-updown-5m-1791061500,1791061500.0,1791061612.0,2026-10-03,Down,2.755966698801662,0.35,1.0,0.98,0.001372,2336.55,True,0.018628,filled,btc,_temp
btc-updown-5m-1791061500,1791061500.0,1791061612.0,2026-10-03,Down,2.755966698801662,0.4,1.0,0.98,0.001372,2376.55,True,0.018628,filled,btc,_temp
btc-updown-5m-1791061500,1791061500.0,1791061612.0,2026-10-03,Down,2.755966698801662,0.5,1.0,0.98,0.001372,2376.55,True,0.018628,filled,btc,_temp
btc-updown-5m-1791062400,1791062400.0,1791062572.0,2026-10-03,Up,5.068480739186476,0.3,1.0,0.6,0.0168,60.0,True,0.3832,filled,btc,_temp
btc-updown-5m-1791062400,1791062400.0,1791062572.0,2026-10-03,Up,5.068480739186476,0.35,1.0,0.6,0.0168,60.0,True,0.3832,filled,btc,_temp
btc-updown-5m-1791062400,1791062400.0,1791062572.0,2026-10-03,Up,5.068480739186476,0.4,1.0,0.6,0.0168,45.0,True,0.3832,filled,btc,_temp
btc-updown-5m-1791062400,1791062400.0,1791062572.0,2026-10-03,Up,5.068480739186476,0.5,1.0,0.6,0.0168,45.0,True,0.3832,filled,btc,_temp
btc-updown-5m-1791062700,1791062700.0,1791062834.0,2026-10-03,Down,6.200997238520704,0.3,1.0,0.83,0.009877,31.0,True,0.160123,filled,btc,_temp
btc-updown-5m-1791062700,1791062700.0,1791062834.0,2026-10-03,Down,6.200997238520704,0.35,1.0,0.83,0.009877,21.0,True,0.160123,filled,btc,_temp
btc-updown-5m-1791062700,1791062700.0,1791062834.0,2026-10-03,Down,6.200997238520704,0.4,1.0,0.83,0.009877,90.75,True,0.160123,filled,btc,_temp
btc-updown-5m-1791062700,1791062700.0,1791062834.0,2026-10-03,Down,6.200997238520704,0.5,1.0,0.84,0.009408,290.0,True,0.150592,filled,btc,_temp
btc-updown-5m-1791063000,1791063000.0,1791063121.0,2026-10-03,Down,5.162771347818035,0.3,0.0,,,,False,,book_unavailable,btc,_temp
btc-updown-5m-1791063000,1791063000.0,1791063121.0,2026-10-03,Down,5.162771347818035,0.35,0.0,,,,False,,book_unavailable,btc,_temp
btc-updown-5m-1791063000,1791063000.0,1791063121.0,2026-10-03,Down,5.162771347818035,0.4,0.0,,,,False,,book_unavailable,btc,_temp
btc-updown-5m-1791063000,1791063000.0,1791063121.0,2026-10-03,Down,5.162771347818035,0.5,0.0,,,,False,,book_unavailable,btc,_temp
btc-updown-5m-1791063300,1791063300.0,1791063481.0,2026-10-03,Down,4.323071299444054,0.3,1.0,,,,False,,book_unavailable,btc,_temp
btc-updown-5m-1791063300,1791063300.0,1791063481.0,2026-10-03,Down,4.323071299444054,0.35,1.0,,,,False,,book_unavailable,btc,_temp
btc-updown-5m-1791063300,1791063300.0,1791063481.0,2026-10-03,Down,4.323071299444054,0.4,1.0,,,,False,,book_unavailable,btc,_temp
btc-updown-5m-1791063300,1791063300.0,1791063481.0,2026-10-03,Down,4.323071299444054,0.5,1.0,,,,False,,book_unavailable,btc,_temp
btc-updown-5m-1791063600,1791063600.0,1791063721.0,2026-10-03,Up,3.248958341200877,0.3,0.0,,,,False,,book_unavailable,btc,_temp
btc-updown-5m-1791063600,1791063600.0,1791063721.0,2026-10-03,Up,3.248958341200877,0.35,0.0,,,,False,,book_unavailable,btc,_temp
btc-updown-5m-1791063600,1791063600.0,1791063721.0,2026-10-03,Up,3.248958341200877,0.4,0.0,,,,False,,book_unavailable,btc,_temp
btc-updown-5m-1791063600,1791063600.0,1791063721.0,2026-10-03,Up,3.248958341200877,0.5,0.0,,,,False,,book_unavailable,btc,_temp
btc-updown-5m-1791063900,1791063900.0,1791064134.0,2026-10-03,Down,5.096247213499793,0.3,0.0,0.03,0.002037,165.99,True,-0.032037,filled,btc,_temp
btc-updown-5m-1791063900,1791063900.0,1791064134.0,2026-10-03,Down,5.096247213499793,0.35,0.0,0.03,0.002037,165.99,True,-0.032037,filled,btc,_temp
btc-updown-5m-1791063900,1791063900.0,1791064134.0,2026-10-03,Down,5.096247213499793,0.4,0.0,0.03,0.002037,165.99,True,-0.032037,filled,btc,_temp
btc-updown-5m-1791063900,1791063900.0,1791064134.0,2026-10-03,Down,5.096247213499793,0.5,0.0,0.03,0.002037,171.99,True,-0.032037,filled,btc,_temp
btc-updown-5m-1791064200,1791064200.0,1791064334.0,2026-10-03,Down,7.913787981230341,0.3,1.0,0.72,0.014112,12.9,True,0.265888,filled,btc,_temp
btc-updown-5m-1791064200,1791064200.0,1791064334.0,2026-10-03,Down,7.913787981230341,0.35,1.0,0.72,0.014112,28.9,True,0.265888,filled,btc,_temp
btc-updown-5m-1791064200,1791064200.0,1791064334.0,2026-10-03,Down,7.913787981230341,0.4,1.0,0.71,0.014413,29.23,True,0.275587,filled,btc,_temp
btc-updown-5m-1791064200,1791064200.0,1791064334.0,2026-10-03,Down,7.913787981230341,0.5,1.0,0.71,0.014413,34.0,True,0.275587,filled,btc,_temp
btc-updown-5m-1791064500,1791064500.0,1791064622.0,2026-10-03,Down,3.045872524570907,0.3,1.0,0.89,0.006853,20.0,True,0.1031469999999999,filled,btc,_temp
btc-updown-5m-1791064500,1791064500.0,1791064622.0,2026-10-03,Down,3.045872524570907,0.35,1.0,0.9,0.0063,72.18,True,0.0936999999999999,filled,btc,_temp
btc-updown-5m-1791064500,1791064500.0,1791064622.0,2026-10-03,Down,3.045872524570907,0.4,1.0,0.9,0.0063,92.17,True,0.0936999999999999,filled,btc,_temp
btc-updown-5m-1791064500,1791064500.0,1791064622.0,2026-10-03,Down,3.045872524570907,0.5,1.0,0.9,0.0063,147.17,True,0.0936999999999999,filled,btc,_temp
btc-updown-5m-1791064800,1791064800.0,1791064917.0,2026-10-03,Up,3.2408688988710934,0.3,1.0,0.68,0.015232,16.52,True,0.3047679999999999,filled,btc,_temp
btc-updown-5m-1791064800,1791064800.0,1791064917.0,2026-10-03,Up,3.2408688988710934,0.35,1.0,0.68,0.015232,16.52,True,0.3047679999999999,filled,btc,_temp
btc-updown-5m-1791064800,1791064800.0,1791064917.0,2026-10-03,Up,3.2408688988710934,0.4,1.0,0.69,0.014973,14.55,True,0.295027,filled,btc,_temp
btc-updown-5m-1791064800,1791064800.0,1791064917.0,2026-10-03,Up,3.2408688988710934,0.5,1.0,0.73,0.013797,40.0,True,0.256203,filled,btc,_temp
btc-updown-5m-1791065100,1791065100.0,1791065220.0,2026-10-03,Down,3.9376766325751023,0.3,0.0,0.38,0.016492,47.5,True,-0.396492,filled,btc,_temp
btc-updown-5m-1791065100,1791065100.0,1791065220.0,2026-10-03,Down,3.9376766325751023,0.35,0.0,0.38,0.016492,62.5,True,-0.396492,filled,btc,_temp
btc-updown-5m-1791065100,1791065100.0,1791065220.0,2026-10-03,Down,3.9376766325751023,0.4,0.0,0.38,0.016492,37.5,True,-0.396492,filled,btc,_temp
btc-updown-5m-1791065100,1791065100.0,1791065220.0,2026-10-03,Down,3.9376766325751023,0.5,0.0,0.38,0.016492,54.21,True,-0.396492,filled,btc,_temp
btc-updown-5m-1791065400,1791065400.0,1791065575.0,2026-10-03,Up,2.844583645087829,0.3,1.0,0.94,0.003948,345.45,True,0.056052,filled,btc,_temp
btc-updown-5m-1791065400,1791065400.0,1791065575.0,2026-10-03,Up,2.844583645087829,0.35,1.0,0.93,0.0045569999999999,236.0,True,0.0654429999999999,filled,btc,_temp
btc-updown-5m-1791065400,1791065400.0,1791065575.0,2026-10-03,Up,2.844583645087829,0.4,1.0,0.93,0.0045569999999999,271.72,True,0.0654429999999999,filled,btc,_temp
btc-updown-5m-1791065400,1791065400.0,1791065575.0,2026-10-03,Up,2.844583645087829,0.5,1.0,0.93,0.0045569999999999,240.31,True,0.0654429999999999,filled,btc,_temp
btc-updown-5m-1791065700,1791065700.0,1791065770.0,2026-10-03,Up,2.8453451303719217,0.3,0.0,0.25,0.013125,1785.8,True,-0.263125,filled,btc,_temp
btc-updown-5m-1791065700,1791065700.0,1791065770.0,2026-10-03,Up,2.8453451303719217,0.35,0.0,0.25,0.013125,1770.8,True,-0.263125,filled,btc,_temp
btc-updown-5m-1791065700,1791065700.0,1791065770.0,2026-10-03,Up,2.8453451303719217,0.4,0.0,0.25,0.013125,1765.8,True,-0.263125,filled,btc,_temp
btc-updown-5m-1791065700,1791065700.0,1791065770.0,2026-10-03,Up,2.8453451303719217,0.5,0.0,0.25,0.013125,1776.8,True,-0.263125,filled,btc,_temp
btc-updown-5m-1791066300,1791066300.0,1791066362.0,2026-10-03,Down,5.848641237397667,0.3,0.0,0.8,0.0112,94.32,True,-0.8112,filled,btc,_temp
btc-updown-5m-1791066300,1791066300.0,1791066362.0,2026-10-03,Down,5.848641237397667,0.35,0.0,0.8,0.0112,226.26,True,-0.8112,filled,btc,_temp
btc-updown-5m-1791066300,1791066300.0,1791066362.0,2026-10-03,Down,5.848641237397667,0.4,0.0,0.79,0.011613,123.0,True,-0.801613,filled,btc,_temp
btc-updown-5m-1791066300,1791066300.0,1791066362.0,2026-10-03,Down,5.848641237397667,0.5,0.0,0.79,0.011613,322.6,True,-0.801613,filled,btc,_temp
btc-updown-5m-1791066900,1791066900.0,1791067162.0,2026-10-03,Up,7.022287380516693,0.3,1.0,,,,False,,book_unavailable,btc,_temp
btc-updown-5m-1791066900,1791066900.0,1791067162.0,2026-10-03,Up,7.022287380516693,0.35,1.0,,,,False,,book_unavailable,btc,_temp
btc-updown-5m-1791066900,1791066900.0,1791067162.0,2026-10-03,Up,7.022287380516693,0.4,1.0,,,,False,,book_unavailable,btc,_temp
btc-updown-5m-1791066900,1791066900.0,1791067162.0,2026-10-03,Up,7.022287380516693,0.5,1.0,,,,False,,book_unavailable,btc,_temp
btc-updown-5m-1791067200,1791067200.0,1791067392.0,2026-10-03,Up,14.276869318480916,0.3,1.0,0.38,0.016492,34.75,True,0.603508,filled,btc,_temp
btc-updown-5m-1791067200,1791067200.0,1791067392.0,2026-10-03,Up,14.276869318480916,0.35,1.0,0.38,0.016492,34.75,True,0.603508,filled,btc,_temp
btc-updown-5m-1791067200,1791067200.0,1791067392.0,2026-10-03,Up,14.276869318480916,0.4,1.0,0.38,0.016492,34.75,True,0.603508,filled,btc,_temp
btc-updown-5m-1791067200,1791067200.0,1791067392.0,2026-10-03,Up,14.276869318480916,0.5,1.0,0.38,0.016492,4.33,False,,depth,btc,_temp
btc-updown-5m-1791067500,1791067500.0,1791067635.0,2026-10-03,Up,2.78782779602974,0.3,1.0,0.82,0.010332,444.93,True,0.169668,filled,btc,_temp
btc-updown-5m-1791067500,1791067500.0,1791067635.0,2026-10-03,Up,2.78782779602974,0.35,1.0,0.81,0.0107729999999999,33.06,True,0.1792269999999999,filled,btc,_temp
btc-updown-5m-1791067500,1791067500.0,1791067635.0,2026-10-03,Up,2.78782779602974,0.4,1.0,0.8,0.0112,85.46,True,0.1887999999999999,filled,btc,_temp
btc-updown-5m-1791067500,1791067500.0,1791067635.0,2026-10-03,Up,2.78782779602974,0.5,1.0,0.8,0.0112,295.66,True,0.1887999999999999,filled,btc,_temp
btc-updown-5m-1791067800,1791067800.0,1791067886.0,2026-10-03,Up,8.076424667243915,0.3,0.0,0.26,0.013468,165.5,True,-0.273468,filled,btc,_temp
btc-updown-5m-1791067800,1791067800.0,1791067886.0,2026-10-03,Up,8.076424667243915,0.35,0.0,0.26,0.013468,101.5,True,-0.273468,filled,btc,_temp
btc-updown-5m-1791067800,1791067800.0,1791067886.0,2026-10-03,Up,8.076424667243915,0.4,0.0,0.26,0.013468,101.5,True,-0.273468,filled,btc,_temp
btc-updown-5m-1791067800,1791067800.0,1791067886.0,2026-10-03,Up,8.076424667243915,0.5,0.0,0.26,0.013468,40.0,True,-0.273468,filled,btc,_temp
btc-updown-5m-1791068100,1791068100.0,1791068228.0,2026-10-03,Up,5.20255660469042,0.3,0.0,0.43,0.017157,104.0,True,-0.4471569999999999,filled,btc,_temp
btc-updown-5m-1791068100,1791068100.0,1791068228.0,2026-10-03,Up,5.20255660469042,0.35,0.0,0.43,0.017157,104.0,True,-0.4471569999999999,filled,btc,_temp
btc-updown-5m-1791068100,1791068100.0,1791068228.0,2026-10-03,Up,5.20255660469042,0.4,0.0,0.43,0.017157,124.0,True,-0.4471569999999999,filled,btc,_temp
btc-updown-5m-1791068100,1791068100.0,1791068228.0,2026-10-03,Up,5.20255660469042,0.5,0.0,0.43,0.017157,124.0,True,-0.4471569999999999,filled,btc,_temp
btc-updown-5m-1791068700,1791068700.0,1791068805.0,2026-10-03,Down,5.590772166503612,0.3,1.0,0.94,0.003948,152.94,True,0.056052,filled,btc,_temp
btc-updown-5m-1791068700,1791068700.0,1791068805.0,2026-10-03,Down,5.590772166503612,0.35,1.0,0.94,0.003948,152.94,True,0.056052,filled,btc,_temp
btc-updown-5m-1791068700,1791068700.0,1791068805.0,2026-10-03,Down,5.590772166503612,0.4,1.0,0.94,0.003948,152.94,True,0.056052,filled,btc,_temp
btc-updown-5m-1791068700,1791068700.0,1791068805.0,2026-10-03,Down,5.590772166503612,0.5,1.0,0.94,0.003948,142.56,True,0.056052,filled,btc,_temp
btc-updown-5m-1791069300,1791069300.0,1791069458.0,2026-10-03,Up,8.806990415250274,0.3,1.0,0.35,0.015925,45.0,True,0.634075,filled,btc,_temp
btc-updown-5m-1791069300,1791069300.0,1791069458.0,2026-10-03,Up,8.806990415250274,0.35,1.0,0.3,0.0147,5.0,True,0.6852999999999999,filled,btc,_temp
btc-updown-5m-1791069300,1791069300.0,1791069458.0,2026-10-03,Up,8.806990415250274,0.4,1.0,0.3,0.0147,5.0,True,0.6852999999999999,filled,btc,_temp
btc-updown-5m-1791069300,1791069300.0,1791069458.0,2026-10-03,Up,8.806990415250274,0.5,1.0,0.3,0.0147,5.0,True,0.6852999999999999,filled,btc,_temp
btc-updown-5m-1791069600,1791069600.0,1791069749.0,2026-10-03,Up,158.20411367956495,0.3,1.0,,,,False,,book_unavailable,btc,_temp
btc-updown-5m-1791069600,1791069600.0,1791069749.0,2026-10-03,Up,158.20411367956495,0.35,1.0,,,,False,,book_unavailable,btc,_temp
btc-updown-5m-1791069600,1791069600.0,1791069749.0,2026-10-03,Up,158.20411367956495,0.4,1.0,,,,False,,book_unavailable,btc,_temp
btc-updown-5m-1791069600,1791069600.0,1791069749.0,2026-10-03,Up,158.20411367956495,0.5,1.0,,,,False,,book_unavailable,btc,_temp
btc-updown-5m-1791069900,1791069900.0,1791069993.0,2026-10-03,Down,9.870483565663896,0.3,1.0,,,,False,,book_unavailable,btc,_temp
btc-updown-5m-1791069900,1791069900.0,1791069993.0,2026-10-03,Down,9.870483565663896,0.35,1.0,,,,False,,book_unavailable,btc,_temp
btc-updown-5m-1791069900,1791069900.0,1791069993.0,2026-10-03,Down,9.870483565663896,0.4,1.0,,,,False,,book_unavailable,btc,_temp
btc-updown-5m-1791069900,1791069900.0,1791069993.0,2026-10-03,Down,9.870483565663896,0.5,1.0,,,,False,,book_unavailable,btc,_temp
btc-updown-5m-1791072900,1791072900.0,1791072987.0,2026-10-04,Up,3.305460192476432,0.3,1.0,0.72,0.014112,143.0,True,0.265888,filled,btc,_temp
btc-updown-5m-1791072900,1791072900.0,1791072987.0,2026-10-04,Up,3.305460192476432,0.35,1.0,0.72,0.014112,118.0,True,0.265888,filled,btc,_temp
btc-updown-5m-1791072900,1791072900.0,1791072987.0,2026-10-04,Up,3.305460192476432,0.4,1.0,0.72,0.014112,118.0,True,0.265888,filled,btc,_temp
btc-updown-5m-1791072900,1791072900.0,1791072987.0,2026-10-04,Up,3.305460192476432,0.5,1.0,0.72,0.014112,98.0,True,0.265888,filled,btc,_temp
btc-updown-5m-1791073200,1791073200.0,1791073286.0,2026-10-04,Up,3.52782784061865,0.3,1.0,0.85,0.008925,43.23,True,0.141075,filled,btc,_temp
btc-updown-5m-1791073200,1791073200.0,1791073286.0,2026-10-04,Up,3.52782784061865,0.35,1.0,0.85,0.008925,43.23,True,0.141075,filled,btc,_temp
btc-updown-5m-1791073200,1791073200.0,1791073286.0,2026-10-04,Up,3.52782784061865,0.4,1.0,0.85,0.008925,43.23,True,0.141075,filled,btc,_temp
btc-updown-5m-1791073200,1791073200.0,1791073286.0,2026-10-04,Up,3.52782784061865,0.5,1.0,0.85,0.008925,33.23,True,0.141075,filled,btc,_temp
btc-updown-5m-1791073500,1791073500.0,1791073600.0,2026-10-04,Down,4.759395289178579,0.3,1.0,0.9,0.0063,0.06,False,,depth,btc,_temp
btc-updown-5m-1791073500,1791073500.0,1791073600.0,2026-10-04,Down,4.759395289178579,0.35,1.0,0.9,0.0063,28.87,True,0.0936999999999999,filled,btc,_temp
btc-updown-5m-1791073500,1791073500.0,1791073600.0,2026-10-04,Down,4.759395289178579,0.4,1.0,0.9,0.0063,126.01,True,0.0936999999999999,filled,btc,_temp
btc-updown-5m-1791073500,1791073500.0,1791073600.0,2026-10-04,Down,4.759395289178579,0.5,1.0,0.9,0.0063,237.46,True,0.0936999999999999,filled,btc,_temp
btc-updown-5m-1791073800,1791073800.0,1791074050.0,2026-10-04,Up,3.067356074049657,0.3,1.0,0.97,0.002037,93.77,True,0.027963,filled,btc,_temp
btc-updown-5m-1791073800,1791073800.0,1791074050.0,2026-10-04,Up,3.067356074049657,0.35,1.0,0.97,0.002037,88.77,True,0.027963,filled,btc,_temp
btc-updown-5m-1791073800,1791073800.0,1791074050.0,2026-10-04,Up,3.067356074049657,0.4,1.0,0.97,0.002037,182.42,True,0.027963,filled,btc,_temp
btc-updown-5m-1791073800,1791073800.0,1791074050.0,2026-10-04,Up,3.067356074049657,0.5,1.0,0.97,0.002037,155.46,True,0.027963,filled,btc,_temp
btc-updown-5m-1791074100,1791074100.0,1791074193.0,2026-10-04,Down,2.6249338806772737,0.3,1.0,0.4,0.0168,258.0,True,0.5831999999999999,filled,btc,_temp
btc-updown-5m-1791074100,1791074100.0,1791074193.0,2026-10-04,Down,2.6249338806772737,0.35,1.0,0.4,0.0168,472.0,True,0.5831999999999999,filled,btc,_temp
btc-updown-5m-1791074100,1791074100.0,1791074193.0,2026-10-04,Down,2.6249338806772737,0.4,1.0,0.4,0.0168,563.64,True,0.5831999999999999,filled,btc,_temp
btc-updown-5m-1791074100,1791074100.0,1791074193.0,2026-10-04,Down,2.6249338806772737,0.5,1.0,0.4,0.0168,705.0,True,0.5831999999999999,filled,btc,_temp
btc-updown-5m-1791074700,1791074700.0,1791074784.0,2026-10-04,Up,4.671410849627961,0.3,1.0,0.62,0.016492,40.0,True,0.363508,filled,btc,_temp
btc-updown-5m-1791074700,1791074700.0,1791074784.0,2026-10-04,Up,4.671410849627961,0.35,1.0,0.62,0.016492,120.0,True,0.363508,filled,btc,_temp
btc-updown-5m-1791074700,1791074700.0,1791074784.0,2026-10-04,Up,4.671410849627961,0.4,1.0,0.62,0.016492,185.0,True,0.363508,filled,btc,_temp
btc-updown-5m-1791074700,1791074700.0,1791074784.0,2026-10-04,Up,4.671410849627961,0.5,1.0,0.62,0.016492,1340.31,True,0.363508,filled,btc,_temp
btc-updown-5m-1791075000,1791075000.0,1791075188.0,2026-10-04,Up,4.256423151265729,0.3,1.0,0.99,,4216.61,False,,outside_frozen_price_band,btc,_temp
btc-updown-5m-1791075000,1791075000.0,1791075188.0,2026-10-04,Up,4.256423151265729,0.35,1.0,0.99,,3931.62,False,,outside_frozen_price_band,btc,_temp
btc-updown-5m-1791075000,1791075000.0,1791075188.0,2026-10-04,Up,4.256423151265729,0.4,1.0,0.99,,4189.28,False,,outside_frozen_price_band,btc,_temp
btc-updown-5m-1791075000,1791075000.0,1791075188.0,2026-10-04,Up,4.256423151265729,0.5,1.0,0.99,,4189.28,False,,outside_frozen_price_band,btc,_temp
btc-updown-5m-1791075300,1791075300.0,1791075367.0,2026-10-04,Down,2.804606929320052,0.3,1.0,0.95,0.003325,1190.87,True,0.046675,filled,btc,_temp
btc-updown-5m-1791075300,1791075300.0,1791075367.0,2026-10-04,Down,2.804606929320052,0.35,1.0,0.95,0.003325,1190.87,True,0.046675,filled,btc,_temp
btc-updown-5m-1791075300,1791075300.0,1791075367.0,2026-10-04,Down,2.804606929320052,0.4,1.0,0.95,0.003325,1190.87,True,0.046675,filled,btc,_temp
btc-updown-5m-1791075300,1791075300.0,1791075367.0,2026-10-04,Down,2.804606929320052,0.5,1.0,0.95,0.003325,1108.87,True,0.046675,filled,btc,_temp
btc-updown-5m-1791075600,1791075600.0,1791075660.0,2026-10-04,Up,6.26362298382207,0.3,0.0,0.89,0.006853,354.98,True,-0.896853,filled,btc,_temp
btc-updown-5m-1791075600,1791075600.0,1791075660.0,2026-10-04,Up,6.26362298382207,0.35,0.0,0.89,0.006853,354.98,True,-0.896853,filled,btc,_temp
btc-updown-5m-1791075600,1791075600.0,1791075660.0,2026-10-04,Up,6.26362298382207,0.4,0.0,0.89,0.006853,364.98,True,-0.896853,filled,btc,_temp
btc-updown-5m-1791075600,1791075600.0,1791075660.0,2026-10-04,Up,6.26362298382207,0.5,0.0,0.89,0.006853,429.23,True,-0.896853,filled,btc,_temp
btc-updown-5m-1791075900,1791075900.0,1791075979.0,2026-10-04,Up,5.64579588068503,0.3,1.0,,,,False,,book_unavailable,btc,_temp
btc-updown-5m-1791075900,1791075900.0,1791075979.0,2026-10-04,Up,5.64579588068503,0.35,1.0,,,,False,,book_unavailable,btc,_temp
btc-updown-5m-1791075900,1791075900.0,1791075979.0,2026-10-04,Up,5.64579588068503,0.4,1.0,,,,False,,book_unavailable,btc,_temp
btc-updown-5m-1791075900,1791075900.0,1791075979.0,2026-10-04,Up,5.64579588068503,0.5,1.0,,,,False,,book_unavailable,btc,_temp
btc-updown-5m-1791076200,1791076200.0,1791076293.0,2026-10-04,Down,2.5352258472289124,0.3,1.0,0.36,0.016128,32.24,True,0.623872,filled,btc,_temp
btc-updown-5m-1791076200,1791076200.0,1791076293.0,2026-10-04,Down,2.5352258472289124,0.35,1.0,0.36,0.016128,30.0,True,0.623872,filled,btc,_temp
btc-updown-5m-1791076200,1791076200.0,1791076293.0,2026-10-04,Down,2.5352258472289124,0.4,1.0,0.35,0.015925,11.24,True,0.634075,filled,btc,_temp
btc-updown-5m-1791076200,1791076200.0,1791076293.0,2026-10-04,Down,2.5352258472289124,0.5,1.0,0.35,0.015925,282.87,True,0.634075,filled,btc,_temp
btc-updown-5m-1791076500,1791076500.0,1791076695.0,2026-10-04,Down,2.7144631204172462,0.3,1.0,,,,False,,book_unavailable,btc,_temp
btc-updown-5m-1791076500,1791076500.0,1791076695.0,2026-10-04,Down,2.7144631204172462,0.35,1.0,,,,False,,book_unavailable,btc,_temp
btc-updown-5m-1791076500,1791076500.0,1791076695.0,2026-10-04,Down,2.7144631204172462,0.4,1.0,,,,False,,book_unavailable,btc,_temp
btc-updown-5m-1791076500,1791076500.0,1791076695.0,2026-10-04,Down,2.7144631204172462,0.5,1.0,,,,False,,book_unavailable,btc,_temp
btc-updown-5m-1791077100,1791077100.0,1791077181.0,2026-10-04,Up,5.589617214108671,0.3,1.0,0.83,0.009877,400.45,True,0.160123,filled,btc,_temp
btc-updown-5m-1791077100,1791077100.0,1791077181.0,2026-10-04,Up,5.589617214108671,0.35,1.0,0.83,0.009877,400.45,True,0.160123,filled,btc,_temp
btc-updown-5m-1791077100,1791077100.0,1791077181.0,2026-10-04,Up,5.589617214108671,0.4,1.0,0.83,0.009877,400.45,True,0.160123,filled,btc,_temp
btc-updown-5m-1791077100,1791077100.0,1791077181.0,2026-10-04,Up,5.589617214108671,0.5,1.0,0.83,0.009877,375.45,True,0.160123,filled,btc,_temp
btc-updown-5m-1791077400,1791077400.0,1791077670.0,2026-10-04,Up,9.386804479327749,0.3,1.0,0.87,0.007917,12.85,True,0.122083,filled,btc,_temp
btc-updown-5m-1791077400,1791077400.0,1791077670.0,2026-10-04,Up,9.386804479327749,0.35,1.0,0.87,0.007917,12.85,True,0.122083,filled,btc,_temp
btc-updown-5m-1791077400,1791077400.0,1791077670.0,2026-10-04,Up,9.386804479327749,0.4,1.0,0.87,0.007917,12.85,True,0.122083,filled,btc,_temp
btc-updown-5m-1791077400,1791077400.0,1791077670.0,2026-10-04,Up,9.386804479327749,0.5,1.0,0.87,0.007917,12.85,True,0.122083,filled,btc,_temp
btc-updown-5m-1791077700,1791077700.0,1791077760.0,2026-10-04,Up,2.7993672766383684,0.3,1.0,0.92,0.0051519999999999,258.56,True,0.0748479999999999,filled,btc,_temp
btc-updown-5m-1791077700,1791077700.0,1791077760.0,2026-10-04,Up,2.7993672766383684,0.35,1.0,0.92,0.0051519999999999,258.56,True,0.0748479999999999,filled,btc,_temp
btc-updown-5m-1791077700,1791077700.0,1791077760.0,2026-10-04,Up,2.7993672766383684,0.4,1.0,0.92,0.0051519999999999,182.79,True,0.0748479999999999,filled,btc,_temp
btc-updown-5m-1791077700,1791077700.0,1791077760.0,2026-10-04,Up,2.7993672766383684,0.5,1.0,0.92,0.0051519999999999,189.52,True,0.0748479999999999,filled,btc,_temp
btc-updown-5m-1791078600,1791078600.0,1791078697.0,2026-10-04,Up,588.8789013467281,0.3,1.0,0.8,0.0112,177.42,True,0.1887999999999999,filled,btc,_temp
btc-updown-5m-1791078600,1791078600.0,1791078697.0,2026-10-04,Up,588.8789013467281,0.35,1.0,0.81,0.0107729999999999,41.0,True,0.1792269999999999,filled,btc,_temp
btc-updown-5m-1791078600,1791078600.0,1791078697.0,2026-10-04,Up,588.8789013467281,0.4,1.0,0.81,0.0107729999999999,20.0,True,0.1792269999999999,filled,btc,_temp
btc-updown-5m-1791078600,1791078600.0,1791078697.0,2026-10-04,Up,588.8789013467281,0.5,1.0,0.87,0.007917,3.85,False,,depth,btc,_temp
btc-updown-5m-1791079200,1791079200.0,1791079261.0,2026-10-04,Up,3.967750274633484,0.3,1.0,0.84,0.009408,512.11,True,0.150592,filled,btc,_temp
btc-updown-5m-1791079200,1791079200.0,1791079261.0,2026-10-04,Up,3.967750274633484,0.35,1.0,0.84,0.009408,602.11,True,0.150592,filled,btc,_temp
btc-updown-5m-1791079200,1791079200.0,1791079261.0,2026-10-04,Up,3.967750274633484,0.4,1.0,0.84,0.009408,602.11,True,0.150592,filled,btc,_temp
btc-updown-5m-1791079200,1791079200.0,1791079261.0,2026-10-04,Up,3.967750274633484,0.5,1.0,0.84,0.009408,643.17,True,0.150592,filled,btc,_temp
btc-updown-5m-1791079500,1791079500.0,1791079573.0,2026-10-04,Down,3.79600919124901,0.3,1.0,0.1999999999999999,0.0112,428.51,True,0.7888000000000001,filled,btc,_temp
btc-updown-5m-1791079500,1791079500.0,1791079573.0,2026-10-04,Down,3.79600919124901,0.35,1.0,0.1999999999999999,0.0112,380.51,True,0.7888000000000001,filled,btc,_temp
btc-updown-5m-1791079500,1791079500.0,1791079573.0,2026-10-04,Down,3.79600919124901,0.4,1.0,0.1999999999999999,0.0112,380.51,True,0.7888000000000001,filled,btc,_temp
btc-updown-5m-1791079500,1791079500.0,1791079573.0,2026-10-04,Down,3.79600919124901,0.5,1.0,0.1999999999999999,0.0112,380.51,True,0.7888000000000001,filled,btc,_temp
btc-updown-5m-1791080100,1791080100.0,1791080201.0,2026-10-04,Down,3.416039894125115,0.3,0.0,0.92,0.0051519999999999,943.34,True,-0.925152,filled,btc,_temp
btc-updown-5m-1791080100,1791080100.0,1791080201.0,2026-10-04,Down,3.416039894125115,0.35,0.0,0.92,0.0051519999999999,406.64,True,-0.925152,filled,btc,_temp
btc-updown-5m-1791080100,1791080100.0,1791080201.0,2026-10-04,Down,3.416039894125115,0.4,0.0,0.92,0.0051519999999999,606.64,True,-0.925152,filled,btc,_temp
btc-updown-5m-1791080100,1791080100.0,1791080201.0,2026-10-04,Down,3.416039894125115,0.5,0.0,0.92,0.0051519999999999,646.64,True,-0.925152,filled,btc,_temp
btc-updown-5m-1791080400,1791080400.0,1791080552.0,2026-10-04,Up,5.8146157468702775,0.3,1.0,0.83,0.009877,644.8,True,0.160123,filled,btc,_temp
btc-updown-5m-1791080400,1791080400.0,1791080552.0,2026-10-04,Up,5.8146157468702775,0.35,1.0,0.83,0.009877,644.8,True,0.160123,filled,btc,_temp
btc-updown-5m-1791080400,1791080400.0,1791080552.0,2026-10-04,Up,5.8146157468702775,0.4,1.0,0.83,0.009877,639.67,True,0.160123,filled,btc,_temp
btc-updown-5m-1791080400,1791080400.0,1791080552.0,2026-10-04,Up,5.8146157468702775,0.5,1.0,0.83,0.009877,664.46,True,0.160123,filled,btc,_temp
btc-updown-5m-1791080700,1791080700.0,1791080901.0,2026-10-04,Down,16.79604001444024,0.3,1.0,,,,False,,book_unavailable,btc,_temp
btc-updown-5m-1791080700,1791080700.0,1791080901.0,2026-10-04,Down,16.79604001444024,0.35,1.0,,,,False,,book_unavailable,btc,_temp
btc-updown-5m-1791080700,1791080700.0,1791080901.0,2026-10-04,Down,16.79604001444024,0.4,1.0,,,,False,,book_unavailable,btc,_temp
btc-updown-5m-1791080700,1791080700.0,1791080901.0,2026-10-04,Down,16.79604001444024,0.5,1.0,,,,False,,book_unavailable,btc,_temp
btc-updown-5m-1791081000,1791081000.0,1791081077.0,2026-10-04,Down,5.105853665668322,0.3,0.0,0.76,0.012768,17.0,True,-0.772768,filled,btc,_temp
btc-updown-5m-1791081000,1791081000.0,1791081077.0,2026-10-04,Down,5.105853665668322,0.35,0.0,0.75,0.013125,16.36,True,-0.763125,filled,btc,_temp
btc-updown-5m-1791081000,1791081000.0,1791081077.0,2026-10-04,Down,5.105853665668322,0.4,0.0,0.76,0.012768,5.33,True,-0.772768,filled,btc,_temp
btc-updown-5m-1791081000,1791081000.0,1791081077.0,2026-10-04,Down,5.105853665668322,0.5,0.0,0.78,0.012012,10.0,True,-0.792012,filled,btc,_temp
btc-updown-5m-1791081600,1791081600.0,1791081707.0,2026-10-04,Down,3.6523792739183327,0.3,1.0,0.85,0.008925,161.71,True,0.141075,filled,btc,_temp
btc-updown-5m-1791081600,1791081600.0,1791081707.0,2026-10-04,Down,3.6523792739183327,0.35,1.0,0.85,0.008925,161.71,True,0.141075,filled,btc,_temp
btc-updown-5m-1791081600,1791081600.0,1791081707.0,2026-10-04,Down,3.6523792739183327,0.4,1.0,0.85,0.008925,114.51,True,0.141075,filled,btc,_temp
btc-updown-5m-1791081600,1791081600.0,1791081707.0,2026-10-04,Down,3.6523792739183327,0.5,1.0,0.85,0.008925,40.0,True,0.141075,filled,btc,_temp
btc-updown-5m-1791081900,1791081900.0,1791082009.0,2026-10-04,Down,3.2639439649955886,0.3,0.0,0.8,0.0112,78.0,True,-0.8112,filled,btc,_temp
btc-updown-5m-1791081900,1791081900.0,1791082009.0,2026-10-04,Down,3.2639439649955886,0.35,0.0,0.8,0.0112,78.0,True,-0.8112,filled,btc,_temp
btc-updown-5m-1791081900,1791081900.0,1791082009.0,2026-10-04,Down,3.2639439649955886,0.4,0.0,0.8,0.0112,73.71,True,-0.8112,filled,btc,_temp
btc-updown-5m-1791081900,1791081900.0,1791082009.0,2026-10-04,Down,3.2639439649955886,0.5,0.0,0.8,0.0112,73.71,True,-0.8112,filled,btc,_temp
btc-updown-5m-1791083400,1791083400.0,1791083629.0,2026-10-04,Up,509.8222912755291,0.3,1.0,0.85,0.008925,21.59,True,0.141075,filled,btc,_temp
btc-updown-5m-1791083400,1791083400.0,1791083629.0,2026-10-04,Up,509.8222912755291,0.35,1.0,0.85,0.008925,7.54,True,0.141075,filled,btc,_temp
btc-updown-5m-1791083400,1791083400.0,1791083629.0,2026-10-04,Up,509.8222912755291,0.4,1.0,0.81,0.0107729999999999,16.97,True,0.1792269999999999,filled,btc,_temp
btc-updown-5m-1791083400,1791083400.0,1791083629.0,2026-10-04,Up,509.8222912755291,0.5,1.0,0.79,0.011613,55.0,True,0.1983869999999999,filled,btc,_temp
btc-updown-5m-1791083700,1791083700.0,1791083791.0,2026-10-04,Down,3.178085152286668,0.3,1.0,0.79,0.011613,1226.28,True,0.1983869999999999,filled,btc,_temp
btc-updown-5m-1791083700,1791083700.0,1791083791.0,2026-10-04,Down,3.178085152286668,0.35,1.0,0.78,0.012012,438.0,True,0.2079879999999999,filled,btc,_temp
btc-updown-5m-1791083700,1791083700.0,1791083791.0,2026-10-04,Down,3.178085152286668,0.4,1.0,0.78,0.012012,505.0,True,0.2079879999999999,filled,btc,_temp
btc-updown-5m-1791083700,1791083700.0,1791083791.0,2026-10-04,Down,3.178085152286668,0.5,1.0,0.78,0.012012,541.0,True,0.2079879999999999,filled,btc,_temp
btc-updown-5m-1791084000,1791084000.0,1791084092.0,2026-10-04,Up,9.674232464492118,0.3,1.0,0.84,0.009408,528.16,True,0.150592,filled,btc,_temp
btc-updown-5m-1791084000,1791084000.0,1791084092.0,2026-10-04,Up,9.674232464492118,0.35,1.0,0.84,0.009408,641.96,True,0.150592,filled,btc,_temp
btc-updown-5m-1791084000,1791084000.0,1791084092.0,2026-10-04,Up,9.674232464492118,0.4,1.0,0.84,0.009408,641.96,True,0.150592,filled,btc,_temp
btc-updown-5m-1791084000,1791084000.0,1791084092.0,2026-10-04,Up,9.674232464492118,0.5,1.0,0.84,0.009408,681.96,True,0.150592,filled,btc,_temp
btc-updown-5m-1791084300,1791084300.0,1791084475.0,2026-10-04,Down,5.737881730138255,0.3,1.0,0.77,0.012397,65.0,True,0.217603,filled,btc,_temp
btc-updown-5m-1791084300,1791084300.0,1791084475.0,2026-10-04,Down,5.737881730138255,0.35,1.0,0.77,0.012397,206.36,True,0.217603,filled,btc,_temp
btc-updown-5m-1791084300,1791084300.0,1791084475.0,2026-10-04,Down,5.737881730138255,0.4,1.0,0.77,0.012397,157.49,True,0.217603,filled,btc,_temp
btc-updown-5m-1791084300,1791084300.0,1791084475.0,2026-10-04,Down,5.737881730138255,0.5,1.0,0.77,0.012397,96.0,True,0.217603,filled,btc,_temp
btc-updown-5m-1791084600,1791084600.0,1791084696.0,2026-10-04,Up,4.012432321903996,0.3,1.0,0.94,0.003948,128.92,True,0.056052,filled,btc,_temp
btc-updown-5m-1791084600,1791084600.0,1791084696.0,2026-10-04,Up,4.012432321903996,0.35,1.0,0.94,0.003948,128.92,True,0.056052,filled,btc,_temp
btc-updown-5m-1791084600,1791084600.0,1791084696.0,2026-10-04,Up,4.012432321903996,0.4,1.0,0.94,0.003948,128.92,True,0.056052,filled,btc,_temp
btc-updown-5m-1791084600,1791084600.0,1791084696.0,2026-10-04,Up,4.012432321903996,0.5,1.0,0.94,0.003948,144.99,True,0.056052,filled,btc,_temp
btc-updown-5m-1791084900,1791084900.0,1791085022.0,2026-10-04,Up,2.822345496883407,0.3,1.0,0.79,0.011613,217.58,True,0.1983869999999999,filled,btc,_temp
btc-updown-5m-1791084900,1791084900.0,1791085022.0,2026-10-04,Up,2.822345496883407,0.35,1.0,0.79,0.011613,217.58,True,0.1983869999999999,filled,btc,_temp
btc-updown-5m-1791084900,1791084900.0,1791085022.0,2026-10-04,Up,2.822345496883407,0.4,1.0,0.79,0.011613,212.58,True,0.1983869999999999,filled,btc,_temp
btc-updown-5m-1791084900,1791084900.0,1791085022.0,2026-10-04,Up,2.822345496883407,0.5,1.0,0.78,0.012012,214.33,True,0.2079879999999999,filled,btc,_temp
btc-updown-5m-1791085500,1791085500.0,1791085588.0,2026-10-04,Down,4.4594393748665615,0.3,1.0,0.8,0.0112,357.51,True,0.1887999999999999,filled,btc,_temp
btc-updown-5m-1791085500,1791085500.0,1791085588.0,2026-10-04,Down,4.4594393748665615,0.35,1.0,0.8,0.0112,352.51,True,0.1887999999999999,filled,btc,_temp
btc-updown-5m-1791085500,1791085500.0,1791085588.0,2026-10-04,Down,4.4594393748665615,0.4,1.0,0.79,0.011613,406.44,True,0.1983869999999999,filled,btc,_temp
btc-updown-5m-1791085500,1791085500.0,1791085588.0,2026-10-04,Down,4.4594393748665615,0.5,1.0,0.79,0.011613,480.59,True,0.1983869999999999,filled,btc,_temp
btc-updown-5m-1791085800,1791085800.0,1791085921.0,2026-10-04,Down,5.013923620175594,0.3,1.0,,,,False,,book_unavailable,btc,_temp
btc-updown-5m-1791085800,1791085800.0,1791085921.0,2026-10-04,Down,5.013923620175594,0.35,1.0,,,,False,,book_unavailable,btc,_temp
btc-updown-5m-1791085800,1791085800.0,1791085921.0,2026-10-04,Down,5.013923620175594,0.4,1.0,,,,False,,book_unavailable,btc,_temp
btc-updown-5m-1791085800,1791085800.0,1791085921.0,2026-10-04,Down,5.013923620175594,0.5,1.0,,,,False,,book_unavailable,btc,_temp
btc-updown-5m-1791086100,1791086100.0,1791086218.0,2026-10-04,Down,4.525299106323327,0.3,1.0,0.81,0.0107729999999999,808.33,True,0.1792269999999999,filled,btc,_temp
btc-updown-5m-1791086100,1791086100.0,1791086218.0,2026-10-04,Down,4.525299106323327,0.35,1.0,0.81,0.0107729999999999,812.09,True,0.1792269999999999,filled,btc,_temp
btc-updown-5m-1791086100,1791086100.0,1791086218.0,2026-10-04,Down,4.525299106323327,0.4,1.0,0.81,0.0107729999999999,812.09,True,0.1792269999999999,filled,btc,_temp
btc-updown-5m-1791086100,1791086100.0,1791086218.0,2026-10-04,Down,4.525299106323327,0.5,1.0,0.81,0.0107729999999999,767.09,True,0.1792269999999999,filled,btc,_temp
btc-updown-5m-1791086400,1791086400.0,1791086626.0,2026-10-04,Up,4.1007214406966686,0.3,1.0,,,,False,,book_unavailable,btc,_temp
btc-updown-5m-1791086400,1791086400.0,1791086626.0,2026-10-04,Up,4.1007214406966686,0.35,1.0,,,,False,,book_unavailable,btc,_temp
btc-updown-5m-1791086400,1791086400.0,1791086626.0,2026-10-04,Up,4.1007214406966686,0.4,1.0,,,,False,,book_unavailable,btc,_temp
btc-updown-5m-1791086400,1791086400.0,1791086626.0,2026-10-04,Up,4.1007214406966686,0.5,1.0,,,,False,,book_unavailable,btc,_temp
btc-updown-5m-1791086700,1791086700.0,1791086821.0,2026-10-04,Down,12.51835360523742,0.3,1.0,0.86,0.008428,76.41,True,0.131572,filled,btc,_temp
btc-updown-5m-1791086700,1791086700.0,1791086821.0,2026-10-04,Down,12.51835360523742,0.35,1.0,0.86,0.008428,116.41,True,0.131572,filled,btc,_temp
btc-updown-5m-1791086700,1791086700.0,1791086821.0,2026-10-04,Down,12.51835360523742,0.4,1.0,0.86,0.008428,106.4,True,0.131572,filled,btc,_temp
btc-updown-5m-1791086700,1791086700.0,1791086821.0,2026-10-04,Down,12.51835360523742,0.5,1.0,0.86,0.008428,121.4,True,0.131572,filled,btc,_temp
btc-updown-5m-1791087000,1791087000.0,1791087100.0,2026-10-04,Down,10.128674027559487,0.3,1.0,0.87,0.007917,268.79,True,0.122083,filled,btc,_temp
btc-updown-5m-1791087000,1791087000.0,1791087100.0,2026-10-04,Down,10.128674027559487,0.35,1.0,0.81,0.0107729999999999,93.74,True,0.1792269999999999,filled,btc,_temp
btc-updown-5m-1791087000,1791087000.0,1791087100.0,2026-10-04,Down,10.128674027559487,0.4,1.0,0.81,0.0107729999999999,47.04,True,0.1792269999999999,filled,btc,_temp
btc-updown-5m-1791087000,1791087000.0,1791087100.0,2026-10-04,Down,10.128674027559487,0.5,1.0,0.81,0.0107729999999999,88.21,True,0.1792269999999999,filled,btc,_temp
btc-updown-5m-1791091200,1791091200.0,1791091458.0,2026-10-04,Up,2.505777903161599,0.3,1.0,0.93,0.004556999999999997,99.49,True,0.06544299999999996,filled,btc,_temp
btc-updown-5m-1791091200,1791091200.0,1791091458.0,2026-10-04,Up,2.505777903161599,0.35,1.0,0.93,0.004556999999999997,74.07,True,0.06544299999999996,filled,btc,_temp
btc-updown-5m-1791091200,1791091200.0,1791091458.0,2026-10-04,Up,2.505777903161599,0.4,1.0,0.93,0.004556999999999997,68.7,True,0.06544299999999996,filled,btc,_temp
btc-updown-5m-1791091200,1791091200.0,1791091458.0,2026-10-04,Up,2.505777903161599,0.5,1.0,0.93,0.004556999999999997,22.08,True,0.06544299999999996,filled,btc,_temp
btc-updown-5m-1791091500,1791091500.0,1791091751.0,2026-10-04,Down,3.1689541548591005,0.3,1.0,0.8200000000000001,0.010331999999999997,67.25,True,0.16966799999999993,filled,btc,_temp
btc-updown-5m-1791091500,1791091500.0,1791091751.0,2026-10-04,Down,3.1689541548591005,0.35,1.0,0.83,0.009877000000000004,62.96,True,0.16012300000000004,filled,btc,_temp
btc-updown-5m-1791091500,1791091500.0,1791091751.0,2026-10-04,Down,3.1689541548591005,0.4,1.0,0.83,0.009877000000000004,61.0,True,0.16012300000000004,filled,btc,_temp
btc-updown-5m-1791091500,1791091500.0,1791091751.0,2026-10-04,Down,3.1689541548591005,0.5,1.0,0.83,0.009877000000000004,149.61,True,0.16012300000000004,filled,btc,_temp
btc-updown-5m-1791091800,1791091800.0,1791092070.0,2026-10-04,Up,10.035536952089842,0.3,1.0,,,,False,,book_unavailable,btc,_temp
btc-updown-5m-1791091800,1791091800.0,1791092070.0,2026-10-04,Up,10.035536952089842,0.35,1.0,,,,False,,book_unavailable,btc,_temp
btc-updown-5m-1791091800,1791091800.0,1791092070.0,2026-10-04,Up,10.035536952089842,0.4,1.0,,,,False,,book_unavailable,btc,_temp
btc-updown-5m-1791091800,1791091800.0,1791092070.0,2026-10-04,Up,10.035536952089842,0.5,1.0,,,,False,,book_unavailable,btc,_temp
btc-updown-5m-1791092100,1791092100.0,1791092171.0,2026-10-04,Up,2.559056679558469,0.3,1.0,0.92,0.005151999999999999,162.95,True,0.07484799999999996,filled,btc,_temp
btc-updown-5m-1791092100,1791092100.0,1791092171.0,2026-10-04,Up,2.559056679558469,0.35,1.0,0.92,0.005151999999999999,162.95,True,0.07484799999999996,filled,btc,_temp
btc-updown-5m-1791092100,1791092100.0,1791092171.0,2026-10-04,Up,2.559056679558469,0.4,1.0,0.92,0.005151999999999999,162.95,True,0.07484799999999996,filled,btc,_temp
btc-updown-5m-1791092100,1791092100.0,1791092171.0,2026-10-04,Up,2.559056679558469,0.5,1.0,0.92,0.005151999999999999,162.95,True,0.07484799999999996,filled,btc,_temp
btc-updown-5m-1791092400,1791092400.0,1791092618.0,2026-10-04,Up,4.676296977004085,0.3,1.0,,,,False,,book_unavailable,btc,_temp
btc-updown-5m-1791092400,1791092400.0,1791092618.0,2026-10-04,Up,4.676296977004085,0.35,1.0,,,,False,,book_unavailable,btc,_temp
btc-updown-5m-1791092400,1791092400.0,1791092618.0,2026-10-04,Up,4.676296977004085,0.4,1.0,,,,False,,book_unavailable,btc,_temp
btc-updown-5m-1791092400,1791092400.0,1791092618.0,2026-10-04,Up,4.676296977004085,0.5,1.0,,,,False,,book_unavailable,btc,_temp
btc-updown-5m-1791092700,1791092700.0,1791092786.0,2026-10-04,Down,4.340854671637087,0.3,1.0,0.62,0.016492,158.42,True,0.363508,filled,btc,_temp
btc-updown-5m-1791092700,1791092700.0,1791092786.0,2026-10-04,Down,4.340854671637087,0.35,1.0,0.61,0.016653,183.0,True,0.373347,filled,btc,_temp
btc-updown-5m-1791092700,1791092700.0,1791092786.0,2026-10-04,Down,4.340854671637087,0.4,1.0,0.5800000000000001,0.017052,8.09,True,0.4029479999999999,filled,btc,_temp
btc-updown-5m-1791092700,1791092700.0,1791092786.0,2026-10-04,Down,4.340854671637087,0.5,1.0,0.5700000000000001,0.017157,153.4,True,0.41284299999999996,filled,btc,_temp
btc-updown-5m-1791093000,1791093000.0,1791093209.0,2026-10-04,Up,2.924911074083024,0.3,1.0,0.98,0.0013720000000000015,535.51,True,0.018628000000000016,filled,btc,_temp
btc-updown-5m-1791093000,1791093000.0,1791093209.0,2026-10-04,Up,2.924911074083024,0.35,1.0,0.98,0.0013720000000000015,535.51,True,0.018628000000000016,filled,btc,_temp
btc-updown-5m-1791093000,1791093000.0,1791093209.0,2026-10-04,Up,2.924911074083024,0.4,1.0,0.98,0.0013720000000000015,535.51,True,0.018628000000000016,filled,btc,_temp
btc-updown-5m-1791093000,1791093000.0,1791093209.0,2026-10-04,Up,2.924911074083024,0.5,1.0,0.98,0.0013720000000000015,535.51,True,0.018628000000000016,filled,btc,_temp
btc-updown-5m-1791093300,1791093300.0,1791093381.0,2026-10-04,Up,5.126428851253743,0.3,0.0,,,,False,,book_unavailable,btc,_temp
btc-updown-5m-1791093300,1791093300.0,1791093381.0,2026-10-04,Up,5.126428851253743,0.35,0.0,,,,False,,book_unavailable,btc,_temp
btc-updown-5m-1791093300,1791093300.0,1791093381.0,2026-10-04,Up,5.126428851253743,0.4,0.0,,,,False,,book_unavailable,btc,_temp
btc-updown-5m-1791093300,1791093300.0,1791093381.0,2026-10-04,Up,5.126428851253743,0.5,0.0,,,,False,,book_unavailable,btc,_temp
btc-updown-5m-1791094200,1791094200.0,1791094452.0,2026-10-04,Down,10.967041275456168,0.3,1.0,,,,False,,book_unavailable,btc,_temp
btc-updown-5m-1791094200,1791094200.0,1791094452.0,2026-10-04,Down,10.967041275456168,0.35,1.0,,,,False,,book_unavailable,btc,_temp
btc-updown-5m-1791094200,1791094200.0,1791094452.0,2026-10-04,Down,10.967041275456168,0.4,1.0,,,,False,,book_unavailable,btc,_temp
btc-updown-5m-1791094200,1791094200.0,1791094452.0,2026-10-04,Down,10.967041275456168,0.5,1.0,,,,False,,book_unavailable,btc,_temp
btc-updown-5m-1791094800,1791094800.0,1791094863.0,2026-10-04,Up,2.7416975217211146,0.3,1.0,0.94,0.003948000000000004,10.09,True,0.056052000000000046,filled,btc,_temp
btc-updown-5m-1791094800,1791094800.0,1791094863.0,2026-10-04,Up,2.7416975217211146,0.35,1.0,0.94,0.003948000000000004,40.09,True,0.056052000000000046,filled,btc,_temp
btc-updown-5m-1791094800,1791094800.0,1791094863.0,2026-10-04,Up,2.7416975217211146,0.4,1.0,0.94,0.003948000000000004,40.09,True,0.056052000000000046,filled,btc,_temp
btc-updown-5m-1791094800,1791094800.0,1791094863.0,2026-10-04,Up,2.7416975217211146,0.5,1.0,0.95,0.0033250000000000033,301.29,True,0.04667500000000004,filled,btc,_temp
btc-updown-5m-1791095100,1791095100.0,1791095161.0,2026-10-04,Down,2.9356554548557474,0.3,1.0,0.9299999999999999,0.004557000000000005,53.78,True,0.06544300000000006,filled,btc,_temp
btc-updown-5m-1791095100,1791095100.0,1791095161.0,2026-10-04,Down,2.9356554548557474,0.35,1.0,0.9299999999999999,0.004557000000000005,183.78,True,0.06544300000000006,filled,btc,_temp
btc-updown-5m-1791095100,1791095100.0,1791095161.0,2026-10-04,Down,2.9356554548557474,0.4,1.0,0.9299999999999999,0.004557000000000005,193.78,True,0.06544300000000006,filled,btc,_temp
btc-updown-5m-1791095100,1791095100.0,1791095161.0,2026-10-04,Down,2.9356554548557474,0.5,1.0,0.9299999999999999,0.004557000000000005,198.56,True,0.06544300000000006,filled,btc,_temp
btc-updown-5m-1791095400,1791095400.0,1791095546.0,2026-10-04,Up,8.082398132490658,0.3,1.0,0.99,,1362.24,False,,outside_frozen_price_band,btc,_temp
btc-updown-5m-1791095400,1791095400.0,1791095546.0,2026-10-04,Up,8.082398132490658,0.35,1.0,0.99,,1375.13,False,,outside_frozen_price_band,btc,_temp
btc-updown-5m-1791095400,1791095400.0,1791095546.0,2026-10-04,Up,8.082398132490658,0.4,1.0,0.99,,1416.28,False,,outside_frozen_price_band,btc,_temp
btc-updown-5m-1791095400,1791095400.0,1791095546.0,2026-10-04,Up,8.082398132490658,0.5,1.0,0.99,,1375.69,False,,outside_frozen_price_band,btc,_temp
btc-updown-5m-1791095700,1791095700.0,1791095864.0,2026-10-04,Down,3.2477562702789133,0.3,1.0,,,,False,,book_unavailable,btc,_temp
btc-updown-5m-1791095700,1791095700.0,1791095864.0,2026-10-04,Down,3.2477562702789133,0.35,1.0,,,,False,,book_unavailable,btc,_temp
btc-updown-5m-1791095700,1791095700.0,1791095864.0,2026-10-04,Down,3.2477562702789133,0.4,1.0,,,,False,,book_unavailable,btc,_temp
btc-updown-5m-1791095700,1791095700.0,1791095864.0,2026-10-04,Down,3.2477562702789133,0.5,1.0,,,,False,,book_unavailable,btc,_temp
btc-updown-5m-1791096000,1791096000.0,1791096156.0,2026-10-04,Down,6.38837638103312,0.3,1.0,0.89,0.006853,385.91,True,0.10314699999999999,filled,btc,_temp
btc-updown-5m-1791096000,1791096000.0,1791096156.0,2026-10-04,Down,6.38837638103312,0.35,1.0,0.89,0.006853,408.51,True,0.10314699999999999,filled,btc,_temp
btc-updown-5m-1791096000,1791096000.0,1791096156.0,2026-10-04,Down,6.38837638103312,0.4,1.0,0.89,0.006853,406.97,True,0.10314699999999999,filled,btc,_temp
btc-updown-5m-1791096000,1791096000.0,1791096156.0,2026-10-04,Down,6.38837638103312,0.5,1.0,0.89,0.006853,416.97,True,0.10314699999999999,filled,btc,_temp
btc-updown-5m-1791096300,1791096300.0,1791096391.0,2026-10-04,Up,3.918583628795016,0.3,1.0,0.85,0.008925000000000002,181.87,True,0.141075,filled,btc,_temp
btc-updown-5m-1791096300,1791096300.0,1791096391.0,2026-10-04,Up,3.918583628795016,0.35,1.0,0.85,0.008925000000000002,181.87,True,0.141075,filled,btc,_temp
btc-updown-5m-1791096300,1791096300.0,1791096391.0,2026-10-04,Up,3.918583628795016,0.4,1.0,0.85,0.008925000000000002,211.87,True,0.141075,filled,btc,_temp
btc-updown-5m-1791096300,1791096300.0,1791096391.0,2026-10-04,Up,3.918583628795016,0.5,1.0,0.85,0.008925000000000002,111.87,True,0.141075,filled,btc,_temp
btc-updown-5m-1791096600,1791096600.0,1791096686.0,2026-10-04,Up,5.362286513322336,0.3,1.0,0.81,0.010772999999999998,604.95,True,0.17922699999999994,filled,btc,_temp
btc-updown-5m-1791096600,1791096600.0,1791096686.0,2026-10-04,Up,5.362286513322336,0.35,1.0,0.8,0.0112,53.25,True,0.18879999999999997,filled,btc,_temp
btc-updown-5m-1791096600,1791096600.0,1791096686.0,2026-10-04,Up,5.362286513322336,0.4,1.0,0.8,0.0112,515.8,True,0.18879999999999997,filled,btc,_temp
btc-updown-5m-1791096600,1791096600.0,1791096686.0,2026-10-04,Up,5.362286513322336,0.5,1.0,0.8,0.0112,250.25,True,0.18879999999999997,filled,btc,_temp
btc-updown-5m-1791096900,1791096900.0,1791097026.0,2026-10-04,Down,4.6467985550378295,0.3,1.0,0.84,0.009408000000000003,5.0,True,0.15059200000000003,filled,btc,_temp
btc-updown-5m-1791096900,1791096900.0,1791097026.0,2026-10-04,Down,4.6467985550378295,0.35,1.0,0.85,0.008925000000000002,21.0,True,0.141075,filled,btc,_temp
btc-updown-5m-1791096900,1791096900.0,1791097026.0,2026-10-04,Down,4.6467985550378295,0.4,1.0,0.85,0.008925000000000002,5.0,True,0.141075,filled,btc,_temp
btc-updown-5m-1791096900,1791096900.0,1791097026.0,2026-10-04,Down,4.6467985550378295,0.5,1.0,0.86,0.008428000000000001,9.75,True,0.13157200000000002,filled,btc,_temp
btc-updown-5m-1791097200,1791097200.0,1791097469.0,2026-10-04,Down,2.656254571606281,0.3,1.0,,,,False,,book_unavailable,btc,_temp
btc-updown-5m-1791097200,1791097200.0,1791097469.0,2026-10-04,Down,2.656254571606281,0.35,1.0,,,,False,,book_unavailable,btc,_temp
btc-updown-5m-1791097200,1791097200.0,1791097469.0,2026-10-04,Down,2.656254571606281,0.4,1.0,,,,False,,book_unavailable,btc,_temp
btc-updown-5m-1791097200,1791097200.0,1791097469.0,2026-10-04,Down,2.656254571606281,0.5,1.0,,,,False,,book_unavailable,btc,_temp
btc-updown-5m-1791097800,1791097800.0,1791097860.0,2026-10-04,Down,2.6758974153046506,0.3,1.0,0.79,0.011613,553.7,True,0.19838699999999995,filled,btc,_temp
btc-updown-5m-1791097800,1791097800.0,1791097860.0,2026-10-04,Down,2.6758974153046506,0.35,1.0,0.79,0.011613,513.7,True,0.19838699999999995,filled,btc,_temp
btc-updown-5m-1791097800,1791097800.0,1791097860.0,2026-10-04,Down,2.6758974153046506,0.4,1.0,0.79,0.011613,548.7,True,0.19838699999999995,filled,btc,_temp
btc-updown-5m-1791097800,1791097800.0,1791097860.0,2026-10-04,Down,2.6758974153046506,0.5,1.0,0.79,0.011613,542.12,True,0.19838699999999995,filled,btc,_temp
btc-updown-5m-1791098100,1791098100.0,1791098160.0,2026-10-04,Down,4.283179296328486,0.3,1.0,0.83,0.009877000000000004,116.8,True,0.16012300000000004,filled,btc,_temp
btc-updown-5m-1791098100,1791098100.0,1791098160.0,2026-10-04,Down,4.283179296328486,0.35,1.0,0.83,0.009877000000000004,91.8,True,0.16012300000000004,filled,btc,_temp
btc-updown-5m-1791098100,1791098100.0,1791098160.0,2026-10-04,Down,4.283179296328486,0.4,1.0,0.83,0.009877000000000004,119.95,True,0.16012300000000004,filled,btc,_temp
btc-updown-5m-1791098100,1791098100.0,1791098160.0,2026-10-04,Down,4.283179296328486,0.5,1.0,0.83,0.009877000000000004,159.95,True,0.16012300000000004,filled,btc,_temp
btc-updown-5m-1791098400,1791098400.0,1791098565.0,2026-10-04,Up,4.605673955475366,0.3,1.0,0.99,,1767.35,False,,outside_frozen_price_band,btc,_temp
btc-updown-5m-1791098400,1791098400.0,1791098565.0,2026-10-04,Up,4.605673955475366,0.35,1.0,0.99,,1760.83,False,,outside_frozen_price_band,btc,_temp
btc-updown-5m-1791098400,1791098400.0,1791098565.0,2026-10-04,Up,4.605673955475366,0.4,1.0,0.99,,1760.83,False,,outside_frozen_price_band,btc,_temp
btc-updown-5m-1791098400,1791098400.0,1791098565.0,2026-10-04,Up,4.605673955475366,0.5,1.0,0.99,,1726.19,False,,outside_frozen_price_band,btc,_temp
btc-updown-5m-1791098700,1791098700.0,1791098766.0,2026-10-04,Down,4.203175029385517,0.3,1.0,0.6599999999999999,0.015708000000000003,33.77,True,0.3242920000000001,filled,btc,_temp
btc-updown-5m-1791098700,1791098700.0,1791098766.0,2026-10-04,Down,4.203175029385517,0.35,1.0,0.6599999999999999,0.015708000000000003,8.31,True,0.3242920000000001,filled,btc,_temp
btc-updown-5m-1791098700,1791098700.0,1791098766.0,2026-10-04,Down,4.203175029385517,0.4,1.0,0.6799999999999999,0.015232000000000004,16.47,True,0.30476800000000004,filled,btc,_temp
btc-updown-5m-1791098700,1791098700.0,1791098766.0,2026-10-04,Down,4.203175029385517,0.5,1.0,0.6799999999999999,0.015232000000000004,1.32,False,,depth,btc,_temp
btc-updown-5m-1791099000,1791099000.0,1791099115.0,2026-10-04,Up,2.7040162937431096,0.3,0.0,,,,False,,book_unavailable,btc,_temp
btc-updown-5m-1791099000,1791099000.0,1791099115.0,2026-10-04,Up,2.7040162937431096,0.35,0.0,,,,False,,book_unavailable,btc,_temp
btc-updown-5m-1791099000,1791099000.0,1791099115.0,2026-10-04,Up,2.7040162937431096,0.4,0.0,,,,False,,book_unavailable,btc,_temp
btc-updown-5m-1791099000,1791099000.0,1791099115.0,2026-10-04,Up,2.7040162937431096,0.5,0.0,,,,False,,book_unavailable,btc,_temp
btc-updown-5m-1791099300,1791099300.0,1791099532.0,2026-10-04,Down,3.3813512611404546,0.3,0.0,0.06999999999999995,0.004556999999999998,59.03,True,-0.07455699999999994,filled,btc,_temp
btc-updown-5m-1791099300,1791099300.0,1791099532.0,2026-10-04,Down,3.3813512611404546,0.35,0.0,0.06999999999999995,0.004556999999999998,85.42,True,-0.07455699999999994,filled,btc,_temp
btc-updown-5m-1791099300,1791099300.0,1791099532.0,2026-10-04,Down,3.3813512611404546,0.4,0.0,0.09999999999999998,0.006299999999999999,258.9,True,-0.10629999999999998,filled,btc,_temp
btc-updown-5m-1791099300,1791099300.0,1791099532.0,2026-10-04,Down,3.3813512611404546,0.5,0.0,0.07999999999999996,0.005151999999999998,44.09,True,-0.08515199999999996,filled,btc,_temp
btc-updown-5m-1791099600,1791099600.0,1791099778.0,2026-10-04,Up,3.1370425969350118,0.3,1.0,0.98,0.0013720000000000015,726.54,True,0.018628000000000016,filled,btc,_temp
btc-updown-5m-1791099600,1791099600.0,1791099778.0,2026-10-04,Up,3.1370425969350118,0.35,1.0,0.98,0.0013720000000000015,726.54,True,0.018628000000000016,filled,btc,_temp
btc-updown-5m-1791099600,1791099600.0,1791099778.0,2026-10-04,Up,3.1370425969350118,0.4,1.0,0.98,0.0013720000000000015,726.54,True,0.018628000000000016,filled,btc,_temp
btc-updown-5m-1791099600,1791099600.0,1791099778.0,2026-10-04,Up,3.1370425969350118,0.5,1.0,0.98,0.0013720000000000015,726.54,True,0.018628000000000016,filled,btc,_temp
btc-updown-5m-1791099900,1791099900.0,1791100104.0,2026-10-04,Up,6.718307539478018,0.3,1.0,,,,False,,book_unavailable,btc,_temp
btc-updown-5m-1791099900,1791099900.0,1791100104.0,2026-10-04,Up,6.718307539478018,0.35,1.0,,,,False,,book_unavailable,btc,_temp
btc-updown-5m-1791099900,1791099900.0,1791100104.0,2026-10-04,Up,6.718307539478018,0.4,1.0,,,,False,,book_unavailable,btc,_temp
btc-updown-5m-1791099900,1791099900.0,1791100104.0,2026-10-04,Up,6.718307539478018,0.5,1.0,,,,False,,book_unavailable,btc,_temp
btc-updown-5m-1791100200,1791100200.0,1791100301.0,2026-10-04,Up,3.2247259577426455,0.3,1.0,0.86,0.008428000000000001,95.0,True,0.13157200000000002,filled,btc,_temp
btc-updown-5m-1791100200,1791100200.0,1791100301.0,2026-10-04,Up,3.2247259577426455,0.35,1.0,0.86,0.008428000000000001,95.0,True,0.13157200000000002,filled,btc,_temp
btc-updown-5m-1791100200,1791100200.0,1791100301.0,2026-10-04,Up,3.2247259577426455,0.4,1.0,0.86,0.008428000000000001,95.0,True,0.13157200000000002,filled,btc,_temp
btc-updown-5m-1791100200,1791100200.0,1791100301.0,2026-10-04,Up,3.2247259577426455,0.5,1.0,0.86,0.008428000000000001,135.0,True,0.13157200000000002,filled,btc,_temp
btc-updown-5m-1791100500,1791100500.0,1791100562.0,2026-10-04,Down,3.1522067490975405,0.3,0.0,0.92,0.005151999999999999,124.79,True,-0.9251520000000001,filled,btc,_temp
btc-updown-5m-1791100500,1791100500.0,1791100562.0,2026-10-04,Down,3.1522067490975405,0.35,0.0,0.92,0.005151999999999999,154.79,True,-0.9251520000000001,filled,btc,_temp
btc-updown-5m-1791100500,1791100500.0,1791100562.0,2026-10-04,Down,3.1522067490975405,0.4,0.0,0.92,0.005151999999999999,132.35,True,-0.9251520000000001,filled,btc,_temp
btc-updown-5m-1791100500,1791100500.0,1791100562.0,2026-10-04,Down,3.1522067490975405,0.5,0.0,0.92,0.005151999999999999,132.0,True,-0.9251520000000001,filled,btc,_temp
btc-updown-5m-1791100800,1791100800.0,1791100883.0,2026-10-04,Up,3.866291339684837,0.3,1.0,0.92,0.005151999999999999,174.17,True,0.07484799999999996,filled,btc,_temp
btc-updown-5m-1791100800,1791100800.0,1791100883.0,2026-10-04,Up,3.866291339684837,0.35,1.0,0.91,0.0057329999999999985,183.0,True,0.08426699999999997,filled,btc,_temp
btc-updown-5m-1791100800,1791100800.0,1791100883.0,2026-10-04,Up,3.866291339684837,0.4,1.0,0.91,0.0057329999999999985,265.0,True,0.08426699999999997,filled,btc,_temp
btc-updown-5m-1791100800,1791100800.0,1791100883.0,2026-10-04,Up,3.866291339684837,0.5,1.0,0.91,0.0057329999999999985,334.97,True,0.08426699999999997,filled,btc,_temp
btc-updown-5m-1791101400,1791101400.0,1791101642.0,2026-10-04,Down,3.48280183797066,0.3,0.0,0.0010000000000000009,,1150.0,False,,outside_frozen_price_band,btc,_temp
btc-updown-5m-1791101400,1791101400.0,1791101642.0,2026-10-04,Down,3.48280183797066,0.35,0.0,0.0010000000000000009,,1150.0,False,,outside_frozen_price_band,btc,_temp
btc-updown-5m-1791101400,1791101400.0,1791101642.0,2026-10-04,Down,3.48280183797066,0.4,0.0,0.0010000000000000009,,1150.0,False,,outside_frozen_price_band,btc,_temp
btc-updown-5m-1791101400,1791101400.0,1791101642.0,2026-10-04,Down,3.48280183797066,0.5,0.0,0.0010000000000000009,,1150.0,False,,outside_frozen_price_band,btc,_temp
btc-updown-5m-1791101700,1791101700.0,1791101867.0,2026-10-04,Up,3.6705348577247183,0.3,0.0,0.43,0.017157000000000002,19.0,True,-0.44715699999999997,filled,btc,_temp
btc-updown-5m-1791101700,1791101700.0,1791101867.0,2026-10-04,Up,3.6705348577247183,0.35,0.0,0.43,0.017157000000000002,9.11,True,-0.44715699999999997,filled,btc,_temp
btc-updown-5m-1791101700,1791101700.0,1791101867.0,2026-10-04,Up,3.6705348577247183,0.4,0.0,0.49,0.017493,82.4,True,-0.507493,filled,btc,_temp
btc-updown-5m-1791101700,1791101700.0,1791101867.0,2026-10-04,Up,3.6705348577247183,0.5,0.0,0.49,0.017493,64.42,True,-0.507493,filled,btc,_temp
btc-updown-5m-1791102000,1791102000.0,1791102146.0,2026-10-04,Up,3.370929100059691,0.3,1.0,0.62,0.016492,30.0,True,0.363508,filled,btc,_temp
btc-updown-5m-1791102000,1791102000.0,1791102146.0,2026-10-04,Up,3.370929100059691,0.35,1.0,0.61,0.016653,5.0,True,0.373347,filled,btc,_temp
btc-updown-5m-1791102000,1791102000.0,1791102146.0,2026-10-04,Up,3.370929100059691,0.4,1.0,0.61,0.016653,70.0,True,0.373347,filled,btc,_temp
btc-updown-5m-1791102000,1791102000.0,1791102146.0,2026-10-04,Up,3.370929100059691,0.5,1.0,0.61,0.016653,55.0,True,0.373347,filled,btc,_temp
btc-updown-5m-1791102300,1791102300.0,1791102360.0,2026-10-04,Up,2.5046103826721757,0.3,1.0,0.74,0.013468000000000003,262.0,True,0.246532,filled,btc,_temp
btc-updown-5m-1791102300,1791102300.0,1791102360.0,2026-10-04,Up,2.5046103826721757,0.35,1.0,0.74,0.013468000000000003,262.0,True,0.246532,filled,btc,_temp
btc-updown-5m-1791102300,1791102300.0,1791102360.0,2026-10-04,Up,2.5046103826721757,0.4,1.0,0.74,0.013468000000000003,260.64,True,0.246532,filled,btc,_temp
btc-updown-5m-1791102300,1791102300.0,1791102360.0,2026-10-04,Up,2.5046103826721757,0.5,1.0,0.74,0.013468000000000003,295.64,True,0.246532,filled,btc,_temp
btc-updown-5m-1791102600,1791102600.0,1791102675.0,2026-10-04,Down,2.8659884353163463,0.3,1.0,0.98,0.0013720000000000015,200.09,True,0.018628000000000016,filled,btc,_temp
btc-updown-5m-1791102600,1791102600.0,1791102675.0,2026-10-04,Down,2.8659884353163463,0.35,1.0,0.98,0.0013720000000000015,226.09,True,0.018628000000000016,filled,btc,_temp
btc-updown-5m-1791102600,1791102600.0,1791102675.0,2026-10-04,Down,2.8659884353163463,0.4,1.0,0.98,0.0013720000000000015,294.09,True,0.018628000000000016,filled,btc,_temp
btc-updown-5m-1791102600,1791102600.0,1791102675.0,2026-10-04,Down,2.8659884353163463,0.5,1.0,0.98,0.0013720000000000015,349.09,True,0.018628000000000016,filled,btc,_temp
btc-updown-5m-1791103200,1791103200.0,1791103260.0,2026-10-04,Up,3.1728244002505446,0.3,1.0,0.91,0.0057329999999999985,269.99,True,0.08426699999999997,filled,btc,_temp
btc-updown-5m-1791103200,1791103200.0,1791103260.0,2026-10-04,Up,3.1728244002505446,0.35,1.0,0.91,0.0057329999999999985,264.99,True,0.08426699999999997,filled,btc,_temp
btc-updown-5m-1791103200,1791103200.0,1791103260.0,2026-10-04,Up,3.1728244002505446,0.4,1.0,0.91,0.0057329999999999985,239.99,True,0.08426699999999997,filled,btc,_temp
btc-updown-5m-1791103200,1791103200.0,1791103260.0,2026-10-04,Up,3.1728244002505446,0.5,1.0,0.91,0.0057329999999999985,239.99,True,0.08426699999999997,filled,btc,_temp
btc-updown-5m-1791103500,1791103500.0,1791103562.0,2026-10-04,Up,5.623928966925193,0.3,1.0,,,,False,,book_unavailable,btc,_temp
btc-updown-5m-1791103500,1791103500.0,1791103562.0,2026-10-04,Up,5.623928966925193,0.35,1.0,,,,False,,book_unavailable,btc,_temp
btc-updown-5m-1791103500,1791103500.0,1791103562.0,2026-10-04,Up,5.623928966925193,0.4,1.0,,,,False,,book_unavailable,btc,_temp
btc-updown-5m-1791103500,1791103500.0,1791103562.0,2026-10-04,Up,5.623928966925193,0.5,1.0,,,,False,,book_unavailable,btc,_temp
btc-updown-5m-1791103800,1791103800.0,1791103868.0,2026-10-04,Down,3.648644540516553,0.3,1.0,0.61,0.016653,183.68,True,0.373347,filled,btc,_temp
btc-updown-5m-1791103800,1791103800.0,1791103868.0,2026-10-04,Down,3.648644540516553,0.35,1.0,0.61,0.016653,187.35,True,0.373347,filled,btc,_temp
btc-updown-5m-1791103800,1791103800.0,1791103868.0,2026-10-04,Down,3.648644540516553,0.4,1.0,0.61,0.016653,172.34,True,0.373347,filled,btc,_temp
btc-updown-5m-1791103800,1791103800.0,1791103868.0,2026-10-04,Down,3.648644540516553,0.5,1.0,0.61,0.016653,247.34,True,0.373347,filled,btc,_temp
btc-updown-5m-1791104100,1791104100.0,1791104365.0,2026-10-04,Up,3.7816618563736224,0.3,1.0,,,,False,,book_unavailable,btc,_temp
btc-updown-5m-1791104100,1791104100.0,1791104365.0,2026-10-04,Up,3.7816618563736224,0.35,1.0,,,,False,,book_unavailable,btc,_temp
btc-updown-5m-1791104100,1791104100.0,1791104365.0,2026-10-04,Up,3.7816618563736224,0.4,1.0,,,,False,,book_unavailable,btc,_temp
btc-updown-5m-1791104100,1791104100.0,1791104365.0,2026-10-04,Up,3.7816618563736224,0.5,1.0,,,,False,,book_unavailable,btc,_temp
btc-updown-5m-1791104400,1791104400.0,1791104522.0,2026-10-04,Down,14.349271999792165,0.3,1.0,0.8200000000000001,0.010331999999999997,635.0,True,0.16966799999999993,filled,btc,_temp
btc-updown-5m-1791104400,1791104400.0,1791104522.0,2026-10-04,Down,14.349271999792165,0.35,1.0,0.8200000000000001,0.010331999999999997,565.0,True,0.16966799999999993,filled,btc,_temp
btc-updown-5m-1791104400,1791104400.0,1791104522.0,2026-10-04,Down,14.349271999792165,0.4,1.0,0.8200000000000001,0.010331999999999997,464.0,True,0.16966799999999993,filled,btc,_temp
btc-updown-5m-1791104400,1791104400.0,1791104522.0,2026-10-04,Down,14.349271999792165,0.5,1.0,0.8200000000000001,0.010331999999999997,420.96,True,0.16966799999999993,filled,btc,_temp
btc-updown-5m-1791104700,1791104700.0,1791104760.0,2026-10-04,Down,3.7864680877586867,0.3,0.0,0.72,0.014112000000000001,299.34,True,-0.734112,filled,btc,_temp
btc-updown-5m-1791104700,1791104700.0,1791104760.0,2026-10-04,Down,3.7864680877586867,0.35,0.0,0.7,0.014700000000000003,38.24,True,-0.7147,filled,btc,_temp
btc-updown-5m-1791104700,1791104700.0,1791104760.0,2026-10-04,Down,3.7864680877586867,0.4,0.0,0.7,0.014700000000000003,237.01,True,-0.7147,filled,btc,_temp
btc-updown-5m-1791104700,1791104700.0,1791104760.0,2026-10-04,Down,3.7864680877586867,0.5,0.0,0.7,0.014700000000000003,862.01,True,-0.7147,filled,btc,_temp
btc-updown-5m-1791105000,1791105000.0,1791105080.0,2026-10-04,Up,4.869893990155043,0.3,1.0,0.77,0.012397,31.0,True,0.217603,filled,btc,_temp
btc-updown-5m-1791105000,1791105000.0,1791105080.0,2026-10-04,Up,4.869893990155043,0.35,1.0,0.77,0.012397,171.0,True,0.217603,filled,btc,_temp
btc-updown-5m-1791105000,1791105000.0,1791105080.0,2026-10-04,Up,4.869893990155043,0.4,1.0,0.77,0.012397,147.1,True,0.217603,filled,btc,_temp
btc-updown-5m-1791105000,1791105000.0,1791105080.0,2026-10-04,Up,4.869893990155043,0.5,1.0,0.77,0.012397,426.59,True,0.217603,filled,btc,_temp
btc-updown-5m-1791105300,1791105300.0,1791105391.0,2026-10-04,Up,3.9648806265193195,0.3,1.0,0.84,0.009408000000000003,180.02,True,0.15059200000000003,filled,btc,_temp
btc-updown-5m-1791105300,1791105300.0,1791105391.0,2026-10-04,Up,3.9648806265193195,0.35,1.0,0.84,0.009408000000000003,178.82,True,0.15059200000000003,filled,btc,_temp
btc-updown-5m-1791105300,1791105300.0,1791105391.0,2026-10-04,Up,3.9648806265193195,0.4,1.0,0.84,0.009408000000000003,172.86,True,0.15059200000000003,filled,btc,_temp
btc-updown-5m-1791105300,1791105300.0,1791105391.0,2026-10-04,Up,3.9648806265193195,0.5,1.0,0.84,0.009408000000000003,113.3,True,0.15059200000000003,filled,btc,_temp
btc-updown-5m-1791105600,1791105600.0,1791105822.0,2026-10-04,Up,2.7529788553547845,0.3,1.0,0.99,,501.78,False,,outside_frozen_price_band,btc,_temp
btc-updown-5m-1791105600,1791105600.0,1791105822.0,2026-10-04,Up,2.7529788553547845,0.35,1.0,0.99,,501.78,False,,outside_frozen_price_band,btc,_temp
btc-updown-5m-1791105600,1791105600.0,1791105822.0,2026-10-04,Up,2.7529788553547845,0.4,1.0,0.99,,501.78,False,,outside_frozen_price_band,btc,_temp
btc-updown-5m-1791105600,1791105600.0,1791105822.0,2026-10-04,Up,2.7529788553547845,0.5,1.0,0.99,,501.78,False,,outside_frozen_price_band,btc,_temp
btc-updown-5m-1791105900,1791105900.0,1791105976.0,2026-10-04,Down,4.236196566404534,0.3,0.0,0.74,0.013468000000000003,269.4,True,-0.753468,filled,btc,_temp
btc-updown-5m-1791105900,1791105900.0,1791105976.0,2026-10-04,Down,4.236196566404534,0.35,0.0,0.74,0.013468000000000003,239.4,True,-0.753468,filled,btc,_temp
btc-updown-5m-1791105900,1791105900.0,1791105976.0,2026-10-04,Down,4.236196566404534,0.4,0.0,0.74,0.013468000000000003,314.4,True,-0.753468,filled,btc,_temp
btc-updown-5m-1791105900,1791105900.0,1791105976.0,2026-10-04,Down,4.236196566404534,0.5,0.0,0.74,0.013468000000000003,364.4,True,-0.753468,filled,btc,_temp
btc-updown-5m-1791106200,1791106200.0,1791106260.0,2026-10-04,Down,2.6920560500131288,0.3,1.0,0.44999999999999996,0.017325,159.77,True,0.532675,filled,btc,_temp
btc-updown-5m-1791106200,1791106200.0,1791106260.0,2026-10-04,Down,2.6920560500131288,0.35,1.0,0.44999999999999996,0.017325,154.77,True,0.532675,filled,btc,_temp
btc-updown-5m-1791106200,1791106200.0,1791106260.0,2026-10-04,Down,2.6920560500131288,0.4,1.0,0.45999999999999996,0.017388,43.09,True,0.5226120000000001,filled,btc,_temp
btc-updown-5m-1791106200,1791106200.0,1791106260.0,2026-10-04,Down,2.6920560500131288,0.5,1.0,0.45999999999999996,0.017388,42.09,True,0.5226120000000001,filled,btc,_temp
btc-updown-5m-1791106500,1791106500.0,1791106716.0,2026-10-04,Down,3.3545341238585182,0.3,1.0,0.98,0.0013720000000000015,1166.32,True,0.018628000000000016,filled,btc,_temp
btc-updown-5m-1791106500,1791106500.0,1791106716.0,2026-10-04,Down,3.3545341238585182,0.35,1.0,0.98,0.0013720000000000015,1231.32,True,0.018628000000000016,filled,btc,_temp
btc-updown-5m-1791106500,1791106500.0,1791106716.0,2026-10-04,Down,3.3545341238585182,0.4,1.0,0.98,0.0013720000000000015,1231.32,True,0.018628000000000016,filled,btc,_temp
btc-updown-5m-1791106500,1791106500.0,1791106716.0,2026-10-04,Down,3.3545341238585182,0.5,1.0,0.98,0.0013720000000000015,1166.32,True,0.018628000000000016,filled,btc,_temp
