market_id,day,decision_ms,sent,filled,reason,side_up,decision_ask,decision_mid_up,fixed_limit,fill_price,fill_fee,all_in_cost,won,pnl_per_share,pnl
btc-updown-5m-1791036300,2026-10-03,1791036570000,False,False,no_causal_book,,,,,,,,,,
btc-updown-5m-1791036600,2026-10-03,1791036870000,False,False,no_causal_book,,,,,,,,,,
btc-updown-5m-1791036900,2026-10-03,1791037170000,False,False,no_causal_book,,,,,,,,,,
btc-updown-5m-1791037200,2026-10-03,1791037470000,False,False,no_causal_book,,,,,,,,,,
btc-updown-5m-1791037500,2026-10-03,1791037770000,False,False,outside_frozen_band_or_capacity,,,,,,,,,,
btc-updown-5m-1791037800,2026-10-03,1791038070000,False,False,no_causal_book,,,,,,,,,,
btc-updown-5m-1791038100,2026-10-03,1791038370000,False,False,no_causal_book,,,,,,,,,,
btc-updown-5m-1791038400,2026-10-03,1791038670000,False,False,no_causal_book,,,,,,,,,,
btc-updown-5m-1791038700,2026-10-03,1791038970000,False,False,no_causal_book,,,,,,,,,,
btc-updown-5m-1791039000,2026-10-03,1791039270000,False,False,no_causal_book,,,,,,,,,,
btc-updown-5m-1791039300,2026-10-03,1791039570000,False,False,no_causal_book,,,,,,,,,,
btc-updown-5m-1791039600,2026-10-03,1791039870000,False,False,no_causal_book,,,,,,,,,,
btc-updown-5m-1791039900,2026-10-03,1791040170000,False,False,no_causal_book,,,,,,,,,,
btc-updown-5m-1791040200,2026-10-03,1791040470000,False,False,no_causal_book,,,,,,,,,,
btc-updown-5m-1791040500,2026-10-03,1791040770000,False,False,outside_frozen_band_or_capacity,,,,,,,,,,
btc-updown-5m-1791040800,2026-10-03,1791041070000,False,False,outside_frozen_band_or_capacity,,,,,,,,,,
btc-updown-5m-1791041100,2026-10-03,1791041370000,False,False,outside_frozen_band_or_capacity,,,,,,,,,,
btc-updown-5m-1791041400,2026-10-03,1791041670000,False,False,no_causal_book,,,,,,,,,,
btc-updown-5m-1791041700,2026-10-03,1791041970000,False,False,no_causal_book,,,,,,,,,,
btc-updown-5m-1791042000,2026-10-03,1791042270000,False,False,no_causal_book,,,,,,,,,,
btc-updown-5m-1791042300,2026-10-03,1791042570000,False,False,no_causal_book,,,,,,,,,,
btc-updown-5m-1791042600,2026-10-03,1791042870000,False,False,no_causal_book,,,,,,,,,,
btc-updown-5m-1791042900,2026-10-03,1791043170000,False,False,outside_frozen_band_or_capacity,,,,,,,,,,
btc-updown-5m-1791043200,2026-10-03,1791043470000,False,False,no_causal_book,,,,,,,,,,
btc-updown-5m-1791043500,2026-10-03,1791043770000,False,False,no_causal_book,,,,,,,,,,
btc-updown-5m-1791043800,2026-10-03,1791044070000,False,False,outside_frozen_band_or_capacity,,,,,,,,,,
btc-updown-5m-1791044100,2026-10-03,1791044370000,False,False,no_causal_book,,,,,,,,,,
btc-updown-5m-1791044400,2026-10-03,1791044670000,False,False,no_causal_book,,,,,,,,,,
btc-updown-5m-1791044700,2026-10-03,1791044970000,False,False,no_causal_book,,,,,,,,,,
btc-updown-5m-1791045000,2026-10-03,1791045270000,False,False,no_causal_book,,,,,,,,,,
btc-updown-5m-1791045300,2026-10-03,1791045570000,False,False,no_causal_book,,,,,,,,,,
btc-updown-5m-1791045600,2026-10-03,1791045870000,False,False,no_causal_book,,,,,,,,,,
btc-updown-5m-1791045900,2026-10-03,1791046170000,False,False,no_causal_book,,,,,,,,,,
btc-updown-5m-1791046200,2026-10-03,1791046470000,True,True,filled_proxy,False,0.97,0.040000000000000015,0.98,0.96,0.002688000000000003,0.962688,True,0.03731200000000001,0.18656000000000006
btc-updown-5m-1791046500,2026-10-03,1791046770000,False,False,no_causal_book,,,,,,,,,,
btc-updown-5m-1791046800,2026-10-03,1791047070000,False,False,no_causal_book,,,,,,,,,,
btc-updown-5m-1791047100,2026-10-03,1791047370000,False,False,no_causal_book,,,,,,,,,,
btc-updown-5m-1791047400,2026-10-03,1791047670000,False,False,outside_frozen_band_or_capacity,,,,,,,,,,
btc-updown-5m-1791047700,2026-10-03,1791047970000,False,False,no_causal_book,,,,,,,,,,
btc-updown-5m-1791048000,2026-10-03,1791048270000,False,False,no_causal_book,,,,,,,,,,
btc-updown-5m-1791048300,2026-10-03,1791048570000,False,False,no_causal_book,,,,,,,,,,
btc-updown-5m-1791048600,2026-10-03,1791048870000,False,False,no_causal_book,,,,,,,,,,
btc-updown-5m-1791048900,2026-10-03,1791049170000,False,False,no_causal_book,,,,,,,,,,
btc-updown-5m-1791049200,2026-10-03,1791049470000,False,False,no_causal_book,,,,,,,,,,
btc-updown-5m-1791049500,2026-10-03,1791049770000,False,False,no_causal_book,,,,,,,,,,
btc-updown-5m-1791049800,2026-10-03,1791050070000,False,False,no_causal_book,,,,,,,,,,
btc-updown-5m-1791050100,2026-10-03,1791050370000,False,False,no_causal_book,,,,,,,,,,
btc-updown-5m-1791050400,2026-10-03,1791050670000,False,False,no_causal_book,,,,,,,,,,
btc-updown-5m-1791050700,2026-10-03,1791050970000,False,False,no_causal_book,,,,,,,,,,
btc-updown-5m-1791051000,2026-10-03,1791051270000,False,False,no_causal_book,,,,,,,,,,
btc-updown-5m-1791051300,2026-10-03,1791051570000,False,False,no_causal_book,,,,,,,,,,
btc-updown-5m-1791051600,2026-10-03,1791051870000,False,False,no_causal_book,,,,,,,,,,
btc-updown-5m-1791051900,2026-10-03,1791052170000,False,False,no_causal_book,,,,,,,,,,
btc-updown-5m-1791052200,2026-10-03,1791052470000,False,False,no_causal_book,,,,,,,,,,
