pair,end,gap,n,min_cost,min_raw,tau_best,size_best,cheap_share,n_persist,persist_cost,persist_size,persist_tau,payoff,day
15m-60m,1787792400000,133.424681578952,7475,1.00013986,1.0,40.5,1000.0,0.0,0,,,,1.0,2026-08-27
5m-15m,1787796000000,192.6689847001253,1220,1.17894693,1.169,192.1,93.33,0.0,0,,,,2.0,2026-08-27
5m-60m,1787796000000,233.1669487189065,1052,1.1561343700000002,1.147,236.1,5.0,0.0,0,,,,2.0,2026-08-27
15m-60m,1787796000000,40.497964018781204,5338,0.9982793,0.998,242.6,5.0,0.01798426376920195,92,0.9982793,5.0,242.5,1.0,2026-08-27
15m-60m,1787799600000,169.33124808331195,6671,1.2621949300000002,1.249,169.0,15.0,0.0,0,,,,1.0,2026-08-27
5m-15m,1787803200000,87.23237908596639,1608,1.451441,1.43,258.3,23.0,0.0,0,,,,2.0,2026-08-27
5m-60m,1787803200000,69.4627281492867,2088,1.04175793,1.039,72.3,53.79,0.0,0,,,,1.0,2026-08-27
15m-60m,1787803200000,156.6951072352531,7352,1.3574999999999997,1.3399999999999999,789.7,15.0,0.0,0,,,,2.0,2026-08-27
5m-15m,1787806800000,80.29164527227113,1871,1.5597400000000001,1.54,194.8,213.0,0.0,0,,,,,2026-08-27
5m-60m,1787806800000,115.62340902080177,1898,1.587745,1.5699999999999998,194.8,9.48,0.0,0,,,,,2026-08-27
15m-60m,1787806800000,35.33176374853065,8347,1.001386,1.0,72.5,76.5,0.0,0,,,,1.0,2026-08-27
5m-15m,1787810400000,151.88236398485606,1321,1.754938,1.74,241.5,127.82,0.0,0,,,,1.0,2026-08-27
5m-60m,1787810400000,52.71035132475663,1791,1.1075460000000001,1.1,78.3,5.0,0.0,0,,,,1.0,2026-08-27
15m-60m,1787810400000,99.17201266009943,7110,1.0040740000000001,1.0,460.8,3.49,0.0,0,,,,1.0,2026-08-27
5m-15m,1787816700000,71.63291608034342,1548,1.0639480000000001,1.06,54.1,195.0,0.0,0,,,,1.0,2026-08-27
5m-15m,1787817600000,122.30452062112454,1202,1.0204419299999998,1.019,143.2,20.0,0.0,0,,,,1.0,2026-08-27
5m-60m,1787817600000,159.1762849058432,1123,1.0010699299999999,1.001,17.0,7977.38,0.0,0,,,,1.0,2026-08-27
15m-60m,1787817600000,36.871764284718665,6918,1.00013986,1.0,146.5,10.0,0.0,0,,,,1.0,2026-08-27
5m-15m,1787820300000,70.7103703134344,1675,1.0010699299999999,1.001,46.0,33000.0,0.0,0,,,,1.0,2026-08-27
5m-15m,1787821200000,114.37263313616859,629,1.077105,1.07,262.1,54.57,0.0,0,,,,1.0,2026-08-27
15m-60m,1787821200000,828.4464232457976,5329,1.345477,1.33,844.7,25.0,0.0,0,,,,2.0,2026-08-27
5m-15m,1787822100000,49.73796077455336,1867,1.010693,1.01,48.5,7537.14,0.0,0,,,,1.0,2026-08-27
5m-15m,1787831100000,108.45423218989163,2181,1.23414,1.22,143.8,10.0,0.0,0,,,,2.0,2026-08-27
5m-15m,1787833800000,13.736470240590279,2169,1.012065,1.01,88.8,391.99,0.0,0,,,,1.0,2026-08-27
5m-15m,1787834700000,193.6743102534674,1818,1.05239493,1.049,112.2,170.0,0.0,0,,,,1.0,2026-08-27
5m-60m,1787835600000,191.77707770826237,1004,1.4222812500000002,1.405,232.2,189.52,0.0,0,,,,1.0,2026-08-27
5m-15m,1787836500000,64.3546821896889,2193,1.302792,1.28,148.2,29.0,0.0,0,,,,1.0,2026-08-27
5m-15m,1787843700000,47.564232682518195,1776,1.010693,1.01,50.1,21882.1,0.0,0,,,,1.0,2026-08-27
5m-15m,1787844600000,183.70513881603256,2141,1.451441,1.43,236.7,120.0,0.0,0,,,,2.0,2026-08-27
5m-15m,1787845500000,146.65252595602942,2238,1.140297,1.13,250.0,114.0,0.0,0,,,,2.0,2026-08-27
5m-15m,1787846400000,155.32766230181733,1640,1.010693,1.01,6.8,38927.25,0.0,0,,,,1.0,2026-08-27
5m-60m,1787846400000,176.70129368493508,1569,1.202985,1.19,163.5,140.0,0.0,0,,,,2.0,2026-08-27
15m-60m,1787846400000,332.0289559867524,7655,1.453737,1.4300000000000002,895.5,42.0,0.0,0,,,,2.0,2026-08-27
5m-15m,1787853600000,22.75987039077154,2381,1.1447209999999999,1.12,87.1,5.0,0.0,0,,,,1.0,2026-08-27
5m-60m,1787853600000,122.44112279741967,2176,1.212306,1.2,265.9,253.86,0.0,0,,,,2.0,2026-08-27
15m-60m,1787853600000,145.2009931881912,7907,1.2492569999999998,1.23,528.3,20.0,0.0,0,,,,2.0,2026-08-27
5m-15m,1787854500000,92.75808331673034,1396,1.00976293,1.009,82.6,50.0,0.0,0,,,,1.0,2026-08-27
5m-15m,1787855400000,142.93345508463972,2195,1.2558340000000001,1.24,204.1,34.18,0.0,0,,,,2.0,2026-08-27
5m-15m,1787856300000,70.35262208140921,1737,1.212306,1.2,106.4,45.0,0.0,0,,,,2.0,2026-08-27
15m-60m,1787857200000,503.5504492240434,6628,1.4038623700000001,1.387,557.2,12.48,0.0,0,,,,2.0,2026-08-27
15m-60m,1787860800000,130.85634272213792,6929,1.0010699299999999,1.001,12.3,7275.39,0.0,0,,,,1.0,2026-08-27
5m-60m,1787864400000,92.3947275729879,1967,1.0010699299999999,1.001,29.2,11214.92,0.0,0,,,,1.0,2026-08-27
5m-15m,1787865300000,12.26813698274782,2170,1.03029,1.02,185.0,12.0,0.0,0,,,,1.0,2026-08-27
5m-15m,1787867100000,20.32426256261533,1807,1.010693,1.01,78.2,464.78,0.0,0,,,,1.0,2026-08-27
5m-15m,1787870700000,11.101254816632718,2150,0.8403730000000001,0.81,226.2,15.0,0.07162790697674419,104,0.95073,57.67,140.5,1.0,2026-08-27
5m-60m,1787871600000,86.74585462185496,2132,1.00013986,1.0,27.4,5.0,0.0,0,,,,1.0,2026-08-27
5m-15m,1787877900000,64.77687963005155,2069,1.010693,1.01,3.8,9567.0,0.0,0,,,,1.0,2026-08-28
5m-15m,1787882400000,285.06655648308515,1192,1.09480293,1.089,163.5,45.0,0.0,0,,,,1.0,2026-08-28
5m-60m,1787882400000,28.857631243372452,2172,1.0447799999999998,1.02,181.7,172.17,0.0,0,,,,1.0,2026-08-28
15m-60m,1787882400000,313.9241877264576,7168,1.12646193,1.119,163.2,20.0,0.0,0,,,,1.0,2026-08-28
5m-15m,1787885100000,152.40051671114634,1629,1.417626,1.4,170.1,202.33,0.0,0,,,,2.0,2026-08-28
5m-15m,1787887800000,147.72104916842363,1854,1.448697,1.43,295.9,368.45,0.0,0,,,,2.0,2026-08-28
5m-60m,1787889600000,75.14857559699158,2194,1.0736269299999999,1.069,68.9,17.98,0.0,0,,,,1.0,2026-08-28
5m-15m,1787892300000,164.90835299539322,1736,1.6383960000000002,1.62,283.9,447.84,0.0,0,,,,2.0,2026-08-28
15m-60m,1787893200000,94.58100747084245,7414,1.0010699299999999,1.001,12.7,8999.37,0.0,0,,,,1.0,2026-08-28
5m-60m,1787896800000,166.5686228256236,1078,1.72759857,1.713,280.8,10.0,0.0,0,,,,2.0,2026-08-28
5m-15m,1787897700000,204.31094389679492,945,1.47645793,1.459,186.0,33.33,0.0,0,,,,1.0,2026-08-28
5m-15m,1787900400000,109.98350887472043,1568,1.5597400000000001,1.54,241.7,66.09,0.0,0,,,,2.0,2026-08-28
15m-60m,1787900400000,180.36179584552883,4431,1.06208772,1.058,475.0,189.02,0.0,0,,,,1.0,2026-08-28
5m-15m,1787901300000,236.47045844928653,1518,1.71190937,1.697,242.2,125.41,0.0,0,,,,2.0,2026-08-28
15m-60m,1787904000000,313.07835506735137,5178,1.6065615299999998,1.589,728.5,35.0,0.0,0,,,,2.0,2026-08-28
5m-15m,1787908500000,56.98663368336565,1929,1.096993,1.09,105.8,154.33,0.0,0,,,,1.0,2026-08-28
5m-15m,1787909400000,39.657907498054556,2090,1.1540979999999998,1.14,284.6,40.3,0.0,0,,,,1.0,2026-08-28
5m-15m,1787911200000,17.004192444801447,2123,1.010693,1.01,8.4,12371.88,0.0,0,,,,1.0,2026-08-28
15m-60m,1787911200000,207.80106156079273,5792,1.408305,1.39,619.1,19.77,0.0,0,,,,1.0,2026-08-28
5m-15m,1787913900000,56.99290653184289,1725,1.267101,1.25,241.8,118.0,0.0,0,,,,2.0,2026-08-28
5m-15m,1787917500000,67.26816136144043,2082,1.371609,1.35,259.5,112.4,0.0,0,,,,2.0,2026-08-28
15m-60m,1787922000000,219.9348586164997,6849,1.283797,1.27,177.7,35.0,0.0,0,,,,2.0,2026-08-28
5m-15m,1787923800000,81.41109104311909,1969,1.010693,1.01,32.1,21655.59,0.0,0,,,,1.0,2026-08-28
15m-60m,1787925600000,317.19573928821774,6568,1.3137699299999999,1.299,222.5,1884.9,0.0,0,,,,2.0,2026-08-28
5m-15m,1787929200000,73.23689788188494,2440,1.010693,1.01,20.9,24120.32,0.0,0,,,,1.0,2026-08-28
5m-60m,1787929200000,163.18757740579895,2752,1.001386,1.0,46.2,344.95,0.0,0,,,,1.0,2026-08-28
15m-60m,1787929200000,89.950679523914,8626,1.00013986,1.0,20.9,5.0,0.0,0,,,,1.0,2026-08-28
5m-15m,1787932800000,266.96663208544487,2058,1.0010699299999999,1.001,2.6,8719.23,0.0,0,,,,1.0,2026-08-28
15m-60m,1787932800000,715.528900422898,4744,1.04175793,1.039,402.1,10.0,0.0,0,,,,1.0,2026-08-28
15m-60m,1787940000000,17.872760518614086,7999,1.011466,1.0,542.2,5.0,0.0,0,,,,1.0,2026-08-28
5m-60m,1787943600000,438.70801849200507,1582,1.2894602499999999,1.275,282.3,375.87,0.0,0,,,,2.0,2026-08-28
5m-15m,1787944500000,162.5184296638181,1140,1.24146693,1.229,160.7,117.31,0.0,0,,,,2.0,2026-08-28
5m-15m,1787945400000,57.86246171602397,1661,1.120465,1.1099999999999999,190.7,62.2,0.0,0,,,,2.0,2026-08-28
5m-15m,1787947200000,121.80946070639766,1656,1.437052,1.42,113.8,13.0,0.0,0,,,,2.0,2026-08-28
5m-60m,1787947200000,120.50955174890987,1656,1.324973,1.31,113.8,987.0,0.0,0,,,,1.0,2026-08-28
15m-60m,1787947200000,1.2999089574877871,8505,1.013706,1.0,655.9,40.0,0.0,0,,,,2.0,2026-08-28
5m-15m,1787948100000,35.116064323316095,2188,1.053325,1.0499999999999998,28.7,105.0,0.0,0,,,,1.0,2026-08-28
15m-60m,1787950800000,161.59443371806992,8240,1.00976293,1.009,52.4,26.42,0.0,0,,,,1.0,2026-08-28
15m-60m,1787954400000,54.26866495447757,7087,1.010693,1.01,0.8,6616.76,0.0,0,,,,1.0,2026-08-28
5m-60m,1787958000000,386.4371637896693,1489,1.4324002500000002,1.415,292.6,269.35,0.0,0,,,,1.0,2026-08-28
5m-15m,1787960700000,6.935596599942073,2537,0.9814900000000001,0.96,86.6,73.19,0.0031533307055577452,2,0.991945,130.94,86.5,1.0,2026-08-28
5m-60m,1787965200000,76.55419581707974,2773,0.99920965,0.999,17.5,6878.64,0.12549585286693113,346,0.99920965,6878.64,17.4,1.0,2026-08-29
5m-15m,1787966100000,56.29659763922973,2278,1.3240429299999998,1.309,50.3,15.0,0.0,0,,,,1.0,2026-08-29
5m-15m,1787967000000,91.09832915486186,321,1.03110693,1.029,81.9,15.0,0.0,0,,,,1.0,2026-08-29
5m-15m,1787967900000,3.28508652439632,1867,0.95673,0.94,175.0,10.0,0.06266738082485271,70,0.9958199999999999,47.0,145.7,1.0,2026-08-29
5m-15m,1787968800000,13.351541741751134,1928,1.010693,1.01,7.9,15748.75,0.0,0,,,,1.0,2026-08-29
5m-60m,1787968800000,76.79502541499096,2158,1.488165,1.47,271.2,146.0,0.0,0,,,,2.0,2026-08-29
15m-60m,1787968800000,90.1465671567421,7692,1.2744900000000001,1.26,449.5,10.0,0.0,0,,,,2.0,2026-08-29
5m-15m,1787971500000,34.90998933061201,1924,0.9948879999999999,0.96,194.8,80.0,0.0005197505197505198,0,,,,1.0,2026-08-29
5m-60m,1787972400000,107.15595493967703,1615,1.13698693,1.129,117.2,150.68,0.0,0,,,,1.0,2026-08-29
5m-15m,1787976000000,119.35122333324398,2170,1.03110693,1.029,54.4,96.0,0.0,0,,,,1.0,2026-08-29
5m-60m,1787976000000,137.25559948312002,1005,1.3137699299999999,1.299,185.5,15.0,0.0,0,,,,1.0,2026-08-29
15m-60m,1787976000000,17.904376149876043,6652,1.00869426,1.008,185.8,20.0,0.0,0,,,,1.0,2026-08-29
5m-15m,1787979600000,26.397515002230648,2278,1.0851520000000001,1.08,64.7,146.0,0.0,0,,,,1.0,2026-08-29
5m-60m,1787979600000,133.65425943506125,2344,1.010693,1.01,20.5,513.99,0.0,0,,,,1.0,2026-08-29
15m-60m,1787979600000,107.2567444328306,8192,1.00013986,1.0,44.6,148.95,0.0,0,,,,1.0,2026-08-29
5m-15m,1787982300000,41.325000833079685,2312,1.225813,1.21,282.9,20.0,0.0,0,,,,2.0,2026-08-29
5m-15m,1787983200000,52.85392740624957,1509,1.108764,1.1,222.0,71.66,0.0,0,,,,1.0,2026-08-29
5m-60m,1787983200000,14.853206823187065,2835,0.993409,0.99,16.8,211.0,0.004232804232804233,11,0.993409,11.0,16.7,1.0,2026-08-29
15m-60m,1787983200000,38.0007205830625,7354,1.04532,1.04,220.2,42.0,0.0,0,,,,1.0,2026-08-29
5m-15m,1787984100000,66.42500763096905,1076,1.010693,1.01,62.7,6799.67,0.0,0,,,,1.0,2026-08-29
5m-15m,1787985000000,88.23705579136731,1566,1.11592293,1.109,53.3,196.0,0.0,0,,,,2.0,2026-08-29
15m-60m,1787990400000,181.29601830757747,7458,1.295106,1.28,745.5,25.0,0.0,0,,,,1.0,2026-08-29
5m-15m,1787994000000,7.638780019420665,2328,1.0010699299999999,1.0,15.6,42370.08,0.0,0,,,,1.0,2026-08-29
5m-60m,1787994000000,46.52649119563284,2327,1.27918,1.26,298.3,5.6,0.0,0,,,,1.0,2026-08-29
15m-60m,1787994000000,54.16527121505351,8175,1.1967160000000001,1.18,881.3,50.0,0.0,0,,,,1.0,2026-08-29
5m-15m,1787994900000,19.61522629938554,2230,1.021372,1.02,49.9,685.8,0.0,0,,,,1.0,2026-08-29
5m-15m,1787995800000,1.4540958638535812,2386,0.98406,0.98,55.7,15.0,0.006286672254819782,10,0.993409,52.05,57.8,1.0,2026-08-29
5m-15m,1787996700000,88.26955341218854,1449,1.3464010000000002,1.33,291.7,427.2,0.0,0,,,,2.0,2026-08-29
15m-60m,1787997600000,52.88137655447645,8371,1.351402,1.32,883.4,2.0,0.0,0,,,,2.0,2026-08-29
5m-15m,1787999400000,99.28389338034322,2112,1.30348293,1.289,120.4,8.0,0.0,0,,,,,2026-08-29
5m-60m,1788001200000,73.24380116761313,1781,1.4553877199999998,1.438,170.4,61.66,0.0,0,,,,1.0,2026-08-29
5m-15m,1788003000000,23.06127285088587,2206,1.1075460000000001,1.1,70.6,56.66,0.0,0,,,,2.0,2026-08-29
5m-15m,1788003900000,20.929280565629597,1931,1.00976293,1.009,59.7,5.0,0.0,0,,,,1.0,2026-08-29
5m-15m,1788004800000,10.092977062042337,1658,1.0027439999999999,1.0,180.9,10.21,0.0,0,,,,1.0,2026-08-29
5m-60m,1788004800000,2.1065416975470725,2814,0.9747279999999999,0.96,238.9,5.0,0.042643923240938165,115,0.992578,91.76,256.0,1.0,2026-08-29
15m-60m,1788004800000,7.986435364495264,7443,1.0040740000000001,1.0,202.2,6.0,0.0,0,,,,1.0,2026-08-29
5m-15m,1788011100000,25.98519189954095,2347,1.331836,1.3,281.2,5.0,0.0,0,,,,2.0,2026-08-29
5m-60m,1788012000000,115.66794434688927,2868,1.00013986,1.0,12.5,417.95,0.0,0,,,,1.0,2026-08-29
5m-15m,1788012900000,12.523287177958991,2765,1.1541460000000001,1.12,133.4,75.34,0.0,0,,,,1.0,2026-08-29
5m-15m,1788013800000,34.517220208232175,2321,1.108764,1.1,181.2,46.66,0.0,0,,,,2.0,2026-08-29
5m-60m,1788015600000,304.4396556812717,305,1.54557672,1.528,266.6,16.66,0.0,0,,,,1.0,2026-08-29
5m-15m,1788016500000,94.26817746051529,1651,1.407493,1.3900000000000001,132.9,16.66,0.0,0,,,,2.0,2026-08-29
5m-60m,1788019200000,147.82443192294159,787,1.0901504800000001,1.084,248.1,91.66,0.0,0,,,,1.0,2026-08-29
15m-60m,1788022800000,139.46347359920037,8096,1.00976293,1.009,30.9,3.98,0.0,0,,,,1.0,2026-08-29
5m-60m,1788026400000,5.273259682682692,2642,0.9920650000000001,0.98,18.9,20.0,0.001514004542013626,2,0.9920650000000001,10.0,18.6,,2026-08-29
5m-15m,1788029100000,106.3384221320157,2081,1.23215853,1.219,215.0,52.0,0.0,0,,,,2.0,2026-08-29
5m-15m,1788030000000,66.66911199620517,2179,1.521196,1.5,283.1,30.0,0.0,0,,,,2.0,2026-08-29
5m-60m,1788030000000,107.2364022762631,1906,1.71603733,1.701,256.6,93.59,0.0,0,,,,2.0,2026-08-29
15m-60m,1788030000000,40.56729028005793,7889,1.0010699299999999,1.001,31.8,507.53,0.0,0,,,,1.0,2026-08-29
15m-60m,1788033600000,92.46470052443328,7936,1.2133839999999998,1.2,171.5,7.0,0.0,0,,,,2.0,2026-08-29
5m-15m,1788039900000,11.561512341781054,2373,1.021372,1.02,48.8,10.0,0.0,0,,,,1.0,2026-08-29
5m-60m,1788040800000,52.32530813147605,2198,1.427745,1.41,220.9,55.23,0.0,0,,,,2.0,2026-08-29
5m-15m,1788043500000,27.610855250633904,2165,1.202092,1.18,268.4,75.0,0.0,0,,,,1.0,2026-08-29
5m-15m,1788046200000,38.59511151604238,2314,1.010693,1.0,16.5,2052.66,0.0,0,,,,1.0,2026-08-29
