factor,family,h,period,grid,ic,t,p,n
ret_1m,价格,5m,A,main,-0.035142,-5.415,6.13e-08,28512
ret_1m,价格,5m,A,overlap,-0.035142,-5.415,6.13e-08,28512
ret_5m,价格,5m,A,main,-0.029644,-4.5932,4.365e-06,28512
ret_5m,价格,5m,A,overlap,-0.029644,-4.5932,4.365e-06,28512
ret_15m,价格,5m,A,main,-0.038047,-5.8779,4.1557e-09,28512
ret_15m,价格,5m,A,overlap,-0.038047,-5.8779,4.1557e-09,28512
ret_60m,价格,5m,A,main,-0.03209,-4.9194,8.6798e-07,28512
ret_60m,价格,5m,A,overlap,-0.03209,-4.9194,8.6798e-07,28512
ret_240m,价格,5m,A,main,-0.034041,-5.2554,1.4769e-07,28512
ret_240m,价格,5m,A,overlap,-0.034041,-5.2554,1.4769e-07,28512
ret_24h,价格,5m,A,main,-0.0042204,-0.66967,0.50307,28512
ret_24h,价格,5m,A,overlap,-0.0042204,-0.66967,0.50307,28512
spot_tbr_1m,主动买卖,5m,A,main,-0.029564,-5.2472,1.5446e-07,28512
spot_tbr_1m,主动买卖,5m,A,overlap,-0.029564,-5.2472,1.5446e-07,28512
spot_tbr_5m,主动买卖,5m,A,main,-0.031587,-5.5383,3.0548e-08,28512
spot_tbr_5m,主动买卖,5m,A,overlap,-0.031587,-5.5383,3.0548e-08,28512
spot_tbr_15m,主动买卖,5m,A,main,-0.040965,-7.108,1.177e-12,28512
spot_tbr_15m,主动买卖,5m,A,overlap,-0.040965,-7.108,1.177e-12,28512
spot_tbr_60m,主动买卖,5m,A,main,-0.02946,-5.0542,4.3219e-07,28512
spot_tbr_60m,主动买卖,5m,A,overlap,-0.02946,-5.0542,4.3219e-07,28512
fut_tbr_1m,主动买卖,5m,A,main,-0.019675,-3.4561,0.000548,28512
fut_tbr_1m,主动买卖,5m,A,overlap,-0.019675,-3.4561,0.000548,28512
fut_tbr_5m,主动买卖,5m,A,main,-0.012332,-2.1463,0.031849,28512
fut_tbr_5m,主动买卖,5m,A,overlap,-0.012332,-2.1463,0.031849,28512
fut_tbr_15m,主动买卖,5m,A,main,-0.02773,-4.825,1.4e-06,28512
fut_tbr_15m,主动买卖,5m,A,overlap,-0.02773,-4.825,1.4e-06,28512
fut_tbr_60m,主动买卖,5m,A,main,-0.023345,-3.9963,6.4335e-05,28512
fut_tbr_60m,主动买卖,5m,A,overlap,-0.023345,-3.9963,6.4335e-05,28512
spot_ntv_1m,主动买卖,5m,A,main,-0.041773,-6.7358,1.6301e-11,28512
spot_ntv_1m,主动买卖,5m,A,overlap,-0.041773,-6.7358,1.6301e-11,28512
spot_ntv_5m,主动买卖,5m,A,main,-0.033389,-5.3016,1.148e-07,28512
spot_ntv_5m,主动买卖,5m,A,overlap,-0.033389,-5.3016,1.148e-07,28512
spot_ntv_15m,主动买卖,5m,A,main,-0.040026,-6.3383,2.3237e-10,28512
spot_ntv_15m,主动买卖,5m,A,overlap,-0.040026,-6.3383,2.3237e-10,28512
spot_ntv_60m,主动买卖,5m,A,main,-0.030084,-4.7392,2.1451e-06,28512
spot_ntv_60m,主动买卖,5m,A,overlap,-0.030084,-4.7392,2.1451e-06,28512
fut_ntv_1m,主动买卖,5m,A,main,-0.032664,-5.1545,2.5437e-07,28512
fut_ntv_1m,主动买卖,5m,A,overlap,-0.032664,-5.1545,2.5437e-07,28512
fut_ntv_5m,主动买卖,5m,A,main,-0.019956,-3.11,0.001871,28512
fut_ntv_5m,主动买卖,5m,A,overlap,-0.019956,-3.11,0.001871,28512
fut_ntv_15m,主动买卖,5m,A,main,-0.030366,-4.7356,2.1844e-06,28512
fut_ntv_15m,主动买卖,5m,A,overlap,-0.030366,-4.7356,2.1844e-06,28512
fut_ntv_60m,主动买卖,5m,A,main,-0.028181,-4.3778,1.1989e-05,28512
fut_ntv_60m,主动买卖,5m,A,overlap,-0.028181,-4.3778,1.1989e-05,28512
spot_lvr_5m,成交量,5m,A,main,0.00058068,0.096704,0.92296,28512
spot_lvr_5m,成交量,5m,A,overlap,0.00058068,0.096704,0.92296,28512
spot_lvr_1h,成交量,5m,A,main,-0.0025424,-0.41801,0.67594,28512
spot_lvr_1h,成交量,5m,A,overlap,-0.0025424,-0.41801,0.67594,28512
fut_lvr_5m,成交量,5m,A,main,0.0064558,1.0608,0.28879,28512
fut_lvr_5m,成交量,5m,A,overlap,0.0064558,1.0608,0.28879,28512
fut_lvr_1h,成交量,5m,A,main,0.00086522,0.1423,0.88684,28512
fut_lvr_1h,成交量,5m,A,overlap,0.00086522,0.1423,0.88684,28512
oi_chg_5m,持仓量,5m,A,main,-0.0051187,-0.80625,0.4201,28512
oi_chg_5m,持仓量,5m,A,overlap,-0.0051187,-0.80625,0.4201,28512
oi_chg_15m,持仓量,5m,A,main,-0.0085481,-1.3431,0.17925,28512
oi_chg_15m,持仓量,5m,A,overlap,-0.0085481,-1.3431,0.17925,28512
oi_chg_60m,持仓量,5m,A,main,-0.0045051,-0.70748,0.47927,28512
oi_chg_60m,持仓量,5m,A,overlap,-0.0045051,-0.70748,0.47927,28512
oi_chg_240m,持仓量,5m,A,main,-0.0026938,-0.427,0.66938,28512
oi_chg_240m,持仓量,5m,A,overlap,-0.0026938,-0.427,0.66938,28512
oi_x_price_1h,持仓量,5m,A,main,0.0050621,0.79505,0.42658,28512
oi_x_price_1h,持仓量,5m,A,overlap,0.0050621,0.79505,0.42658,28512
oi_z7d,持仓量,5m,A,main,-0.0018448,-0.30558,0.75993,28512
oi_z7d,持仓量,5m,A,overlap,-0.0018448,-0.30558,0.75993,28512
liq_proxy,持仓量,5m,A,main,-0.025117,-4.1199,3.7905e-05,28512
liq_proxy,持仓量,5m,A,overlap,-0.025117,-4.1199,3.7905e-05,28512
top_acct_ls,多空比,5m,A,main,-0.0094356,-1.5339,0.12506,28512
top_acct_ls,多空比,5m,A,overlap,-0.0094356,-1.5339,0.12506,28512
top_acct_ls_chg1h,多空比,5m,A,main,0.019947,3.1509,0.0016275,28512
top_acct_ls_chg1h,多空比,5m,A,overlap,0.019947,3.1509,0.0016275,28512
top_pos_ls,多空比,5m,A,main,-0.01334,-2.2522,0.024309,28512
top_pos_ls,多空比,5m,A,overlap,-0.01334,-2.2522,0.024309,28512
top_pos_ls_chg1h,多空比,5m,A,main,-0.0030004,-0.47468,0.63502,28512
top_pos_ls_chg1h,多空比,5m,A,overlap,-0.0030004,-0.47468,0.63502,28512
taker_ls_5m,多空比,5m,A,main,-0.0054375,-0.95014,0.34204,28512
taker_ls_5m,多空比,5m,A,overlap,-0.0054375,-0.95014,0.34204,28512
funding,资金费率和基差,5m,A,main,-0.0061061,-1.0341,0.30107,28512
funding,资金费率和基差,5m,A,overlap,-0.0061061,-1.0341,0.30107,28512
premium,资金费率和基差,5m,A,main,-0.018624,-3.0082,0.0026282,28512
premium,资金费率和基差,5m,A,overlap,-0.018624,-3.0082,0.0026282,28512
premium_1h_mean,资金费率和基差,5m,A,main,-0.01007,-1.6732,0.094285,28512
premium_1h_mean,资金费率和基差,5m,A,overlap,-0.01007,-1.6732,0.094285,28512
premium_chg_1h,资金费率和基差,5m,A,main,-0.0077188,-1.2474,0.21226,28512
premium_chg_1h,资金费率和基差,5m,A,overlap,-0.0077188,-1.2474,0.21226,28512
rv30,波动区间,5m,A,main,-0.0062466,-1.0324,0.30187,28512
rv30,波动区间,5m,A,overlap,-0.0062466,-1.0324,0.30187,28512
dvol,波动区间,5m,A,main,0.0058154,0.97888,0.32764,28512
dvol,波动区间,5m,A,overlap,0.0058154,0.97888,0.32764,28512
dvol_minus_rv30,波动区间,5m,A,main,0.010623,1.7347,0.082793,28512
dvol_minus_rv30,波动区间,5m,A,overlap,0.010623,1.7347,0.082793,28512
vr10,波动区间,5m,A,main,-0.0099112,-1.6815,0.092669,28512
vr10,波动区间,5m,A,overlap,-0.0099112,-1.6815,0.092669,28512
dealer_gamma,期权 gamma,5m,A,main,-0.0097283,-1.6669,0.095543,28512
dealer_gamma,期权 gamma,5m,A,overlap,-0.0097283,-1.6669,0.095543,28512
cust_delta_1h,期权 gamma,5m,A,main,-0.012667,-1.9922,0.046349,28512
cust_delta_1h,期权 gamma,5m,A,overlap,-0.012667,-1.9922,0.046349,28512
cust_delta_24h,期权 gamma,5m,A,main,-0.0017327,-0.28203,0.77792,28512
cust_delta_24h,期权 gamma,5m,A,overlap,-0.0017327,-0.28203,0.77792,28512
pin_1k,期权 gamma,5m,A,main,0.01125,1.9151,0.055486,28512
pin_1k,期权 gamma,5m,A,overlap,0.01125,1.9151,0.055486,28512
pin_5k,期权 gamma,5m,A,main,0.0012892,0.22007,0.82582,28512
pin_5k,期权 gamma,5m,A,overlap,0.0012892,0.22007,0.82582,28512
tod_sin,日历,5m,A,main,-0.0050881,-0.86895,0.38488,28512
tod_sin,日历,5m,A,overlap,-0.0050881,-0.86895,0.38488,28512
tod_cos,日历,5m,A,main,0.0032308,0.54296,0.58716,28512
tod_cos,日历,5m,A,overlap,0.0032308,0.54296,0.58716,28512
weekend,日历,5m,A,main,0.011056,2.0534,0.040036,28512
weekend,日历,5m,A,overlap,0.011056,2.0534,0.040036,28512
h_to_funding,日历,5m,A,main,-0.0088968,-1.4767,0.13976,28512
h_to_funding,日历,5m,A,overlap,-0.0088968,-1.4767,0.13976,28512
ret_1m,价格,5m,B,main,-0.01461,-1.5297,0.12608,13248
ret_1m,价格,5m,B,overlap,-0.01461,-1.5297,0.12608,13248
ret_5m,价格,5m,B,main,-0.040327,-4.2304,2.3323e-05,13248
ret_5m,价格,5m,B,overlap,-0.040327,-4.2304,2.3323e-05,13248
ret_15m,价格,5m,B,main,-0.028894,-3.0237,0.0024967,13248
ret_15m,价格,5m,B,overlap,-0.028894,-3.0237,0.0024967,13248
ret_60m,价格,5m,B,main,-0.028536,-2.9669,0.0030078,13248
ret_60m,价格,5m,B,overlap,-0.028536,-2.9669,0.0030078,13248
ret_240m,价格,5m,B,main,-0.031238,-3.2894,0.001004,13248
ret_240m,价格,5m,B,overlap,-0.031238,-3.2894,0.001004,13248
ret_24h,价格,5m,B,main,-0.016244,-1.7644,0.077659,13248
ret_24h,价格,5m,B,overlap,-0.016244,-1.7644,0.077659,13248
spot_tbr_1m,主动买卖,5m,B,main,0.00014617,0.017425,0.9861,13248
spot_tbr_1m,主动买卖,5m,B,overlap,0.00014617,0.017425,0.9861,13248
spot_tbr_5m,主动买卖,5m,B,main,-0.03119,-3.7965,0.00014677,13248
spot_tbr_5m,主动买卖,5m,B,overlap,-0.03119,-3.7965,0.00014677,13248
spot_tbr_15m,主动买卖,5m,B,main,-0.024937,-2.9685,0.0029922,13248
spot_tbr_15m,主动买卖,5m,B,overlap,-0.024937,-2.9685,0.0029922,13248
spot_tbr_60m,主动买卖,5m,B,main,-0.024452,-2.8542,0.0043151,13248
spot_tbr_60m,主动买卖,5m,B,overlap,-0.024452,-2.8542,0.0043151,13248
fut_tbr_1m,主动买卖,5m,B,main,0.0092919,1.1287,0.25901,13248
fut_tbr_1m,主动买卖,5m,B,overlap,0.0092919,1.1287,0.25901,13248
fut_tbr_5m,主动买卖,5m,B,main,-0.010299,-1.2378,0.21579,13248
fut_tbr_5m,主动买卖,5m,B,overlap,-0.010299,-1.2378,0.21579,13248
fut_tbr_15m,主动买卖,5m,B,main,-0.015212,-1.8077,0.070649,13248
fut_tbr_15m,主动买卖,5m,B,overlap,-0.015212,-1.8077,0.070649,13248
fut_tbr_60m,主动买卖,5m,B,main,-0.023506,-2.764,0.0057104,13248
fut_tbr_60m,主动买卖,5m,B,overlap,-0.023506,-2.764,0.0057104,13248
spot_ntv_1m,主动买卖,5m,B,main,-0.019437,-2.1082,0.035011,13248
spot_ntv_1m,主动买卖,5m,B,overlap,-0.019437,-2.1082,0.035011,13248
spot_ntv_5m,主动买卖,5m,B,main,-0.039484,-4.3256,1.5213e-05,13248
spot_ntv_5m,主动买卖,5m,B,overlap,-0.039484,-4.3256,1.5213e-05,13248
spot_ntv_15m,主动买卖,5m,B,main,-0.027025,-2.9362,0.0033222,13248
spot_ntv_15m,主动买卖,5m,B,overlap,-0.027025,-2.9362,0.0033222,13248
spot_ntv_60m,主动买卖,5m,B,main,-0.023698,-2.5554,0.010606,13248
spot_ntv_60m,主动买卖,5m,B,overlap,-0.023698,-2.5554,0.010606,13248
fut_ntv_1m,主动买卖,5m,B,main,-0.001157,-0.1233,0.90187,13248
fut_ntv_1m,主动买卖,5m,B,overlap,-0.001157,-0.1233,0.90187,13248
fut_ntv_5m,主动买卖,5m,B,main,-0.017057,-1.8055,0.071,13248
fut_ntv_5m,主动买卖,5m,B,overlap,-0.017057,-1.8055,0.071,13248
fut_ntv_15m,主动买卖,5m,B,main,-0.017651,-1.8692,0.061601,13248
fut_ntv_15m,主动买卖,5m,B,overlap,-0.017651,-1.8692,0.061601,13248
fut_ntv_60m,主动买卖,5m,B,main,-0.023647,-2.5027,0.012323,13248
fut_ntv_60m,主动买卖,5m,B,overlap,-0.023647,-2.5027,0.012323,13248
spot_lvr_5m,成交量,5m,B,main,-0.012637,-1.4506,0.14689,13248
spot_lvr_5m,成交量,5m,B,overlap,-0.012637,-1.4506,0.14689,13248
spot_lvr_1h,成交量,5m,B,main,-0.012446,-1.4106,0.15837,13248
spot_lvr_1h,成交量,5m,B,overlap,-0.012446,-1.4106,0.15837,13248
fut_lvr_5m,成交量,5m,B,main,-0.0018719,-0.21245,0.83176,13248
fut_lvr_5m,成交量,5m,B,overlap,-0.0018719,-0.21245,0.83176,13248
fut_lvr_1h,成交量,5m,B,main,-0.014078,-1.5998,0.10963,13248
fut_lvr_1h,成交量,5m,B,overlap,-0.014078,-1.5998,0.10963,13248
oi_chg_5m,持仓量,5m,B,main,0.010262,1.0932,0.2743,13248
oi_chg_5m,持仓量,5m,B,overlap,0.010262,1.0932,0.2743,13248
oi_chg_15m,持仓量,5m,B,main,-0.0028488,-0.29856,0.76527,13248
oi_chg_15m,持仓量,5m,B,overlap,-0.0028488,-0.29856,0.76527,13248
oi_chg_60m,持仓量,5m,B,main,0.007229,0.77208,0.44007,13248
oi_chg_60m,持仓量,5m,B,overlap,0.007229,0.77208,0.44007,13248
oi_chg_240m,持仓量,5m,B,main,0.0035041,0.38048,0.70359,13248
oi_chg_240m,持仓量,5m,B,overlap,0.0035041,0.38048,0.70359,13248
oi_x_price_1h,持仓量,5m,B,main,0.0099806,1.0662,0.28632,13248
oi_x_price_1h,持仓量,5m,B,overlap,0.0099806,1.0662,0.28632,13248
oi_z7d,持仓量,5m,B,main,0.011016,1.2451,0.21308,13248
oi_z7d,持仓量,5m,B,overlap,0.011016,1.2451,0.21308,13248
liq_proxy,持仓量,5m,B,main,-0.018545,-2.0651,0.038915,13248
liq_proxy,持仓量,5m,B,overlap,-0.018545,-2.0651,0.038915,13248
top_acct_ls,多空比,5m,B,main,0.020095,2.4364,0.014834,13248
top_acct_ls,多空比,5m,B,overlap,0.020095,2.4364,0.014834,13248
top_acct_ls_chg1h,多空比,5m,B,main,0.014085,1.4957,0.13473,13248
top_acct_ls_chg1h,多空比,5m,B,overlap,0.014085,1.4957,0.13473,13248
top_pos_ls,多空比,5m,B,main,-0.0019125,-0.2141,0.83047,13248
top_pos_ls,多空比,5m,B,overlap,-0.0019125,-0.2141,0.83047,13248
top_pos_ls_chg1h,多空比,5m,B,main,0.003173,0.33581,0.73701,13248
top_pos_ls_chg1h,多空比,5m,B,overlap,0.003173,0.33581,0.73701,13248
taker_ls_5m,多空比,5m,B,main,0.0025705,0.30846,0.75773,13248
taker_ls_5m,多空比,5m,B,overlap,0.0025705,0.30846,0.75773,13248
funding,资金费率和基差,5m,B,main,-0.0038507,-0.43591,0.6629,13248
funding,资金费率和基差,5m,B,overlap,-0.0038507,-0.43591,0.6629,13248
premium,资金费率和基差,5m,B,main,0.024667,2.7134,0.0066605,13248
premium,资金费率和基差,5m,B,overlap,0.024667,2.7134,0.0066605,13248
premium_1h_mean,资金费率和基差,5m,B,main,-0.01053,-1.186,0.23562,13248
premium_1h_mean,资金费率和基差,5m,B,overlap,-0.01053,-1.186,0.23562,13248
premium_chg_1h,资金费率和基差,5m,B,main,0.025356,2.7869,0.0053212,13248
premium_chg_1h,资金费率和基差,5m,B,overlap,0.025356,2.7869,0.0053212,13248
rv30,波动区间,5m,B,main,-0.016683,-1.9033,0.056998,13248
rv30,波动区间,5m,B,overlap,-0.016683,-1.9033,0.056998,13248
dvol,波动区间,5m,B,main,0.012003,1.3717,0.17015,13248
dvol,波动区间,5m,B,overlap,0.012003,1.3717,0.17015,13248
dvol_minus_rv30,波动区间,5m,B,main,0.018519,2.1118,0.034706,13248
dvol_minus_rv30,波动区间,5m,B,overlap,0.018519,2.1118,0.034706,13248
vr10,波动区间,5m,B,main,0.012759,1.4919,0.13572,13248
vr10,波动区间,5m,B,overlap,0.012759,1.4919,0.13572,13248
dealer_gamma,期权 gamma,5m,B,main,-0.0022914,-0.27039,0.78686,13248
dealer_gamma,期权 gamma,5m,B,overlap,-0.0022914,-0.27039,0.78686,13248
cust_delta_1h,期权 gamma,5m,B,main,-0.014375,-1.5337,0.12511,13248
cust_delta_1h,期权 gamma,5m,B,overlap,-0.014375,-1.5337,0.12511,13248
cust_delta_24h,期权 gamma,5m,B,main,-0.011611,-1.3075,0.19104,13248
cust_delta_24h,期权 gamma,5m,B,overlap,-0.011611,-1.3075,0.19104,13248
pin_1k,期权 gamma,5m,B,main,0.01502,1.7318,0.083315,13248
pin_1k,期权 gamma,5m,B,overlap,0.01502,1.7318,0.083315,13248
pin_5k,期权 gamma,5m,B,main,0.025798,3.0455,0.002323,13248
pin_5k,期权 gamma,5m,B,overlap,0.025798,3.0455,0.002323,13248
tod_sin,日历,5m,B,main,-0.0077328,-0.90449,0.36573,13248
tod_sin,日历,5m,B,overlap,-0.0077328,-0.90449,0.36573,13248
tod_cos,日历,5m,B,main,-0.0067742,-0.76968,0.44149,13248
tod_cos,日历,5m,B,overlap,-0.0067742,-0.76968,0.44149,13248
weekend,日历,5m,B,main,0.017203,2.2744,0.022943,13248
weekend,日历,5m,B,overlap,0.017203,2.2744,0.022943,13248
h_to_funding,日历,5m,B,main,0.0054841,0.62001,0.53525,13248
h_to_funding,日历,5m,B,overlap,0.0054841,0.62001,0.53525,13248
ret_1m,价格,15m,A,main,-0.0074385,-0.67217,0.50147,9504
ret_1m,价格,15m,A,overlap,-0.025442,-3.9937,6.5052e-05,28512
ret_5m,价格,15m,A,main,-0.01469,-1.3206,0.18662,9504
ret_5m,价格,15m,A,overlap,-0.028959,-4.5182,6.2365e-06,28512
ret_15m,价格,15m,A,main,-0.057279,-5.1299,2.8988e-07,9504
ret_15m,价格,15m,A,overlap,-0.05064,-6.097,1.0811e-09,28512
ret_60m,价格,15m,A,main,-0.034437,-3.0585,0.0022243,9504
ret_60m,价格,15m,A,overlap,-0.035946,-3.8671,0.00011016,28512
ret_240m,价格,15m,A,main,-0.050289,-4.5104,6.4719e-06,9504
ret_240m,价格,15m,A,overlap,-0.048024,-5.1059,3.2925e-07,28512
ret_24h,价格,15m,A,main,-0.014183,-1.2975,0.19447,9504
ret_24h,价格,15m,A,overlap,-0.0094477,-0.99003,0.32216,28512
spot_tbr_1m,主动买卖,15m,A,main,-0.017719,-1.827,0.067696,9504
spot_tbr_1m,主动买卖,15m,A,overlap,-0.028496,-4.822,1.4209e-06,28512
spot_tbr_5m,主动买卖,15m,A,main,-0.032455,-3.2868,0.0010133,9504
spot_tbr_5m,主动买卖,15m,A,overlap,-0.036442,-5.7877,7.1341e-09,28512
spot_tbr_15m,主动买卖,15m,A,main,-0.046013,-4.6399,3.4852e-06,9504
spot_tbr_15m,主动买卖,15m,A,overlap,-0.048551,-6.0154,1.794e-09,28512
spot_tbr_60m,主动买卖,15m,A,main,-0.035205,-3.4988,0.00046733,9504
spot_tbr_60m,主动买卖,15m,A,overlap,-0.032907,-3.7718,0.0001621,28512
fut_tbr_1m,主动买卖,15m,A,main,0.0064749,0.65132,0.51484,9504
fut_tbr_1m,主动买卖,15m,A,overlap,-0.014263,-2.4785,0.013193,28512
fut_tbr_5m,主动买卖,15m,A,main,-0.0077406,-0.78268,0.43382,9504
fut_tbr_5m,主动买卖,15m,A,overlap,-0.016975,-2.859,0.0042493,28512
fut_tbr_15m,主动买卖,15m,A,main,-0.040214,-4.0618,4.8702e-05,9504
fut_tbr_15m,主动买卖,15m,A,overlap,-0.03998,-5.0956,3.4762e-07,28512
fut_tbr_60m,主动买卖,15m,A,main,-0.030131,-2.996,0.0027356,9504
fut_tbr_60m,主动买卖,15m,A,overlap,-0.030124,-3.5184,0.00043418,28512
spot_ntv_1m,主动买卖,15m,A,main,-0.018398,-1.7333,0.083043,9504
spot_ntv_1m,主动买卖,15m,A,overlap,-0.03449,-5.314,1.0726e-07,28512
spot_ntv_5m,主动买卖,15m,A,main,-0.035713,-3.2986,0.00097185,9504
spot_ntv_5m,主动买卖,15m,A,overlap,-0.038268,-5.555,2.7759e-08,28512
spot_ntv_15m,主动买卖,15m,A,main,-0.048143,-4.4248,9.6544e-06,9504
spot_ntv_15m,主动买卖,15m,A,overlap,-0.048139,-5.5667,2.5962e-08,28512
spot_ntv_60m,主动买卖,15m,A,main,-0.036896,-3.375,0.00073818,9504
spot_ntv_60m,主动买卖,15m,A,overlap,-0.034208,-3.6547,0.00025743,28512
fut_ntv_1m,主动买卖,15m,A,main,0.0011231,0.10282,0.91811,9504
fut_ntv_1m,主动买卖,15m,A,overlap,-0.017614,-2.7992,0.005123,28512
fut_ntv_5m,主动买卖,15m,A,main,-0.015461,-1.4063,0.15964,9504
fut_ntv_5m,主动买卖,15m,A,overlap,-0.021263,-3.1959,0.001394,28512
fut_ntv_15m,主动买卖,15m,A,main,-0.045051,-4.0922,4.2723e-05,9504
fut_ntv_15m,主动买卖,15m,A,overlap,-0.041734,-4.8859,1.0294e-06,28512
fut_ntv_60m,主动买卖,15m,A,main,-0.040764,-3.6869,0.000227,9504
fut_ntv_60m,主动买卖,15m,A,overlap,-0.039175,-4.1845,2.8579e-05,28512
spot_lvr_5m,成交量,15m,A,main,-0.003127,-0.30132,0.76317,9504
spot_lvr_5m,成交量,15m,A,overlap,-0.00036472,-0.045713,0.96354,28512
spot_lvr_1h,成交量,15m,A,main,-0.0017794,-0.16927,0.86558,9504
spot_lvr_1h,成交量,15m,A,overlap,-0.0014907,-0.16175,0.8715,28512
fut_lvr_5m,成交量,15m,A,main,0.011323,1.0772,0.28138,9504
fut_lvr_5m,成交量,15m,A,overlap,0.0091441,1.0841,0.27832,28512
fut_lvr_1h,成交量,15m,A,main,0.0010857,0.10334,0.9177,9504
fut_lvr_1h,成交量,15m,A,overlap,0.0030638,0.32987,0.7415,28512
oi_chg_5m,持仓量,15m,A,main,-0.012272,-1.1152,0.26477,9504
oi_chg_5m,持仓量,15m,A,overlap,-0.01038,-1.4446,0.14856,28512
oi_chg_15m,持仓量,15m,A,main,-0.0081135,-0.73524,0.46219,9504
oi_chg_15m,持仓量,15m,A,overlap,-0.011748,-1.3222,0.18609,28512
oi_chg_60m,持仓量,15m,A,main,0.0078662,0.70906,0.47829,9504
oi_chg_60m,持仓量,15m,A,overlap,-0.0010776,-0.11313,0.90993,28512
oi_chg_240m,持仓量,15m,A,main,-0.0029046,-0.2662,0.79008,9504
oi_chg_240m,持仓量,15m,A,overlap,-0.0057854,-0.61065,0.54143,28512
oi_x_price_1h,持仓量,15m,A,main,-0.0028493,-0.2568,0.79733,9504
oi_x_price_1h,持仓量,15m,A,overlap,-0.00019151,-0.021582,0.98278,28512
oi_z7d,持仓量,15m,A,main,-0.00057883,-0.055385,0.95583,9504
oi_z7d,持仓量,15m,A,overlap,-0.0065306,-0.71927,0.47197,28512
liq_proxy,持仓量,15m,A,main,-0.034907,-3.3088,0.00093705,9504
liq_proxy,持仓量,15m,A,overlap,-0.036049,-4.9728,6.6008e-07,28512
top_acct_ls,多空比,15m,A,main,-0.013129,-1.2335,0.21737,9504
top_acct_ls,多空比,15m,A,overlap,-0.016012,-1.7199,0.085456,28512
top_acct_ls_chg1h,多空比,15m,A,main,0.030694,2.8168,0.00485,9504
top_acct_ls_chg1h,多空比,15m,A,overlap,0.029026,3.0673,0.0021601,28512
top_pos_ls,多空比,15m,A,main,-0.025943,-2.5345,0.01126,9504
top_pos_ls,多空比,15m,A,overlap,-0.025306,-2.8113,0.0049344,28512
top_pos_ls_chg1h,多空比,15m,A,main,-0.0013675,-0.12551,0.90012,9504
top_pos_ls_chg1h,多空比,15m,A,overlap,-0.0032903,-0.35302,0.72407,28512
taker_ls_5m,多空比,15m,A,main,-0.034331,-3.4682,0.00052393,9504
taker_ls_5m,多空比,15m,A,overlap,-0.019865,-3.2818,0.0010314,28512
funding,资金费率和基差,15m,A,main,-0.018085,-1.7718,0.076431,9504
funding,资金费率和基差,15m,A,overlap,-0.013445,-1.4907,0.13604,28512
premium,资金费率和基差,15m,A,main,-0.0058966,-0.55146,0.58132,9504
premium,资金费率和基差,15m,A,overlap,-0.017168,-2.4896,0.01279,28512
premium_1h_mean,资金费率和基差,15m,A,main,-0.01606,-1.5447,0.12243,9504
premium_1h_mean,资金费率和基差,15m,A,overlap,-0.011228,-1.2548,0.20955,28512
premium_chg_1h,资金费率和基差,15m,A,main,-0.0085914,-0.79807,0.42483,9504
premium_chg_1h,资金费率和基差,15m,A,overlap,-0.0062181,-0.9708,0.33165,28512
rv30,波动区间,15m,A,main,-0.0059293,-0.56413,0.57266,9504
rv30,波动区间,15m,A,overlap,-0.0050482,-0.55209,0.58089,28512
dvol,波动区间,15m,A,main,0.011047,1.0747,0.28252,9504
dvol,波动区间,15m,A,overlap,0.0097034,1.0685,0.28531,28512
dvol_minus_rv30,波动区间,15m,A,main,0.011585,1.088,0.27658,9504
dvol_minus_rv30,波动区间,15m,A,overlap,0.010284,1.1141,0.26524,28512
vr10,波动区间,15m,A,main,-0.016702,-1.6304,0.10302,9504
vr10,波动区间,15m,A,overlap,-0.018749,-2.1809,0.029191,28512
dealer_gamma,期权 gamma,15m,A,main,-0.020124,-1.9911,0.046469,9504
dealer_gamma,期权 gamma,15m,A,overlap,-0.017218,-1.9084,0.056335,28512
cust_delta_1h,期权 gamma,15m,A,main,-0.019091,-1.7365,0.082481,9504
cust_delta_1h,期权 gamma,15m,A,overlap,-0.019641,-2.1088,0.03496,28512
cust_delta_24h,期权 gamma,15m,A,main,-0.01088,-1.0195,0.30796,9504
cust_delta_24h,期权 gamma,15m,A,overlap,-0.0067591,-0.72917,0.4659,28512
pin_1k,期权 gamma,15m,A,main,0.0094362,0.92717,0.35384,9504
pin_1k,期权 gamma,15m,A,overlap,0.012734,1.4338,0.15162,28512
pin_5k,期权 gamma,15m,A,main,-0.00012049,-0.011869,0.99053,9504
pin_5k,期权 gamma,15m,A,overlap,0.00023799,0.026382,0.97895,28512
tod_sin,日历,15m,A,main,-0.0056036,-0.5561,0.57814,9504
tod_sin,日历,15m,A,overlap,-0.0059992,-0.68,0.49651,28512
tod_cos,日历,15m,A,main,0.0054879,0.5293,0.5966,9504
tod_cos,日历,15m,A,overlap,0.0086918,0.93911,0.34767,28512
weekend,日历,15m,A,main,0.0098624,1.0628,0.28789,9504
weekend,日历,15m,A,overlap,0.014823,1.837,0.066204,28512
h_to_funding,日历,15m,A,main,-0.01818,-1.7515,0.079856,9504
h_to_funding,日历,15m,A,overlap,-0.018833,-2.0955,0.036124,28512
ret_1m,价格,15m,B,main,0.016802,1.0239,0.30588,4416
ret_1m,价格,15m,B,overlap,0.0013196,0.13906,0.8894,13246
ret_5m,价格,15m,B,main,-0.01743,-1.0649,0.28692,4416
ret_5m,价格,15m,B,overlap,-0.020724,-2.1869,0.028752,13246
ret_15m,价格,15m,B,main,-0.028461,-1.7403,0.081798,4416
ret_15m,价格,15m,B,overlap,-0.029639,-2.3869,0.016991,13246
ret_60m,价格,15m,B,main,-0.04429,-2.6888,0.0071708,4416
ret_60m,价格,15m,B,overlap,-0.037151,-2.5975,0.0093912,13246
ret_240m,价格,15m,B,main,-0.043666,-2.6855,0.0072417,4416
ret_240m,价格,15m,B,overlap,-0.04044,-2.8777,0.0040052,13246
ret_24h,价格,15m,B,main,-0.023321,-1.4711,0.14127,4416
ret_24h,价格,15m,B,overlap,-0.021793,-1.5172,0.12923,13246
spot_tbr_1m,主动买卖,15m,B,main,0.012945,0.89199,0.3724,4416
spot_tbr_1m,主动买卖,15m,B,overlap,0.0020878,0.24157,0.80911,13246
spot_tbr_5m,主动买卖,15m,B,main,-0.017829,-1.2533,0.21011,4416
spot_tbr_5m,主动买卖,15m,B,overlap,-0.01699,-1.9372,0.052726,13246
spot_tbr_15m,主动买卖,15m,B,main,-0.02561,-1.76,0.078404,4416
spot_tbr_15m,主动买卖,15m,B,overlap,-0.023718,-2.0591,0.039486,13246
spot_tbr_60m,主动买卖,15m,B,main,-0.033982,-2.3004,0.021423,4416
spot_tbr_60m,主动买卖,15m,B,overlap,-0.023941,-1.8813,0.059925,13246
fut_tbr_1m,主动买卖,15m,B,main,0.017834,1.1972,0.23121,4416
fut_tbr_1m,主动买卖,15m,B,overlap,-0.00017783,-0.020988,0.98325,13246
fut_tbr_5m,主动买卖,15m,B,main,-0.020632,-1.4222,0.15498,4416
fut_tbr_5m,主动买卖,15m,B,overlap,-0.011374,-1.2745,0.20249,13246
fut_tbr_15m,主动买卖,15m,B,main,-0.024292,-1.6647,0.095971,4416
fut_tbr_15m,主动买卖,15m,B,overlap,-0.029206,-2.5275,0.011488,13246
fut_tbr_60m,主动买卖,15m,B,main,-0.037533,-2.5489,0.010805,4416
fut_tbr_60m,主动买卖,15m,B,overlap,-0.028807,-2.2334,0.025522,13246
spot_ntv_1m,主动买卖,15m,B,main,0.0020446,0.12728,0.89872,4416
spot_ntv_1m,主动买卖,15m,B,overlap,-0.010265,-1.0864,0.27732,13246
spot_ntv_5m,主动买卖,15m,B,main,-0.025146,-1.6115,0.10708,4416
spot_ntv_5m,主动买卖,15m,B,overlap,-0.024216,-2.5076,0.012156,13246
spot_ntv_15m,主动买卖,15m,B,main,-0.028143,-1.7732,0.076202,4416
spot_ntv_15m,主动买卖,15m,B,overlap,-0.025409,-2.0634,0.039078,13246
spot_ntv_60m,主动买卖,15m,B,main,-0.031226,-1.9551,0.050566,4416
spot_ntv_60m,主动买卖,15m,B,overlap,-0.01977,-1.4512,0.14672,13246
fut_ntv_1m,主动买卖,15m,B,main,0.024696,1.4891,0.13647,4416
fut_ntv_1m,主动买卖,15m,B,overlap,-0.0016682,-0.17894,0.85799,13246
fut_ntv_5m,主动买卖,15m,B,main,-0.029759,-1.8459,0.064901,4416
fut_ntv_5m,主动买卖,15m,B,overlap,-0.011465,-1.1518,0.2494,13246
fut_ntv_15m,主动买卖,15m,B,main,-0.023926,-1.4732,0.14069,4416
fut_ntv_15m,主动买卖,15m,B,overlap,-0.030575,-2.3995,0.016415,13246
fut_ntv_60m,主动买卖,15m,B,main,-0.039587,-2.4384,0.014752,4416
fut_ntv_60m,主动买卖,15m,B,overlap,-0.032094,-2.298,0.02156,13246
spot_lvr_5m,成交量,15m,B,main,-0.0098378,-0.65737,0.51094,4416
spot_lvr_5m,成交量,15m,B,overlap,-0.0088836,-0.77137,0.44049,13246
spot_lvr_1h,成交量,15m,B,main,-0.01221,-0.80199,0.42256,4416
spot_lvr_1h,成交量,15m,B,overlap,-0.014615,-1.0942,0.27385,13246
fut_lvr_5m,成交量,15m,B,main,-0.0051341,-0.34035,0.73359,4416
fut_lvr_5m,成交量,15m,B,overlap,-0.0096646,-0.81341,0.41598,13246
fut_lvr_1h,成交量,15m,B,main,-0.016281,-1.0775,0.28124,4416
fut_lvr_1h,成交量,15m,B,overlap,-0.019716,-1.5018,0.13314,13246
oi_chg_5m,持仓量,15m,B,main,0.0013485,0.076833,0.93876,4416
oi_chg_5m,持仓量,15m,B,overlap,0.0053674,0.49826,0.6183,13246
oi_chg_15m,持仓量,15m,B,main,-0.011223,-0.69259,0.48857,4416
oi_chg_15m,持仓量,15m,B,overlap,-0.0057983,-0.42828,0.66845,13246
oi_chg_60m,持仓量,15m,B,main,0.021424,1.3329,0.18255,4416
oi_chg_60m,持仓量,15m,B,overlap,0.019649,1.396,0.16271,13246
oi_chg_240m,持仓量,15m,B,main,0.013014,0.81825,0.41321,4416
oi_chg_240m,持仓量,15m,B,overlap,0.0079158,0.55771,0.57704,13246
oi_x_price_1h,持仓量,15m,B,main,0.0049814,0.31002,0.75655,4416
oi_x_price_1h,持仓量,15m,B,overlap,0.0078983,0.60327,0.54633,13246
oi_z7d,持仓量,15m,B,main,0.018696,1.2358,0.21652,4416
oi_z7d,持仓量,15m,B,overlap,0.018783,1.3706,0.17051,13246
liq_proxy,持仓量,15m,B,main,-0.031385,-2.0309,0.04227,4416
liq_proxy,持仓量,15m,B,overlap,-0.013211,-1.1989,0.23058,13246
top_acct_ls,多空比,15m,B,main,0.036932,2.57,0.010169,4416
top_acct_ls,多空比,15m,B,overlap,0.036678,2.8266,0.0047044,13246
top_acct_ls_chg1h,多空比,15m,B,main,0.019023,1.1749,0.24005,4416
top_acct_ls_chg1h,多空比,15m,B,overlap,0.018932,1.3359,0.18158,13246
top_pos_ls,多空比,15m,B,main,0.0023003,0.14918,0.88142,4416
top_pos_ls,多空比,15m,B,overlap,0.0046083,0.32263,0.74698,13246
top_pos_ls_chg1h,多空比,15m,B,main,0.0049819,0.30772,0.7583,4416
top_pos_ls_chg1h,多空比,15m,B,overlap,0.0062685,0.4392,0.66052,13246
taker_ls_5m,多空比,15m,B,main,-0.015625,-1.0813,0.27956,4416
taker_ls_5m,多空比,15m,B,overlap,-0.014,-1.5925,0.11127,13246
funding,资金费率和基差,15m,B,main,-0.004955,-0.32498,0.74519,4416
funding,资金费率和基差,15m,B,overlap,-0.0069302,-0.50964,0.61031,13246
premium,资金费率和基差,15m,B,main,0.025151,1.5998,0.10963,4416
premium,资金费率和基差,15m,B,overlap,0.021928,2.0902,0.036601,13246
premium_1h_mean,资金费率和基差,15m,B,main,-0.010185,-0.66231,0.50777,4416
premium_1h_mean,资金费率和基差,15m,B,overlap,-0.0088584,-0.64064,0.52176,13246
premium_chg_1h,资金费率和基差,15m,B,main,0.045576,2.7996,0.0051166,4416
premium_chg_1h,资金费率和基差,15m,B,overlap,0.034273,3.4496,0.00056134,13246
rv30,波动区间,15m,B,main,-0.011363,-0.75477,0.45039,4416
rv30,波动区间,15m,B,overlap,-0.02047,-1.4976,0.13423,13246
dvol,波动区间,15m,B,main,0.023327,1.5289,0.1263,4416
dvol,波动区间,15m,B,overlap,0.019397,1.4049,0.16007,13246
dvol_minus_rv30,波动区间,15m,B,main,0.013118,0.87035,0.38411,4416
dvol_minus_rv30,波动区间,15m,B,overlap,0.022106,1.6309,0.1029,13246
vr10,波动区间,15m,B,main,0.0029221,0.19609,0.84454,4416
vr10,波动区间,15m,B,overlap,0.00034822,0.027155,0.97834,13246
dealer_gamma,期权 gamma,15m,B,main,-0.009721,-0.65546,0.51217,4416
dealer_gamma,期权 gamma,15m,B,overlap,-0.0056702,-0.43958,0.66024,13246
cust_delta_1h,期权 gamma,15m,B,main,-0.019212,-1.1878,0.23489,4416
cust_delta_1h,期权 gamma,15m,B,overlap,-0.017288,-1.2087,0.22678,13246
cust_delta_24h,期权 gamma,15m,B,main,-0.022165,-1.4514,0.14666,4416
cust_delta_24h,期权 gamma,15m,B,overlap,-0.022317,-1.6322,0.10264,13246
pin_1k,期权 gamma,15m,B,main,0.029678,1.9702,0.04882,4416
pin_1k,期权 gamma,15m,B,overlap,0.027962,2.0488,0.040483,13246
pin_5k,期权 gamma,15m,B,main,0.04125,2.8209,0.0047896,4416
pin_5k,期权 gamma,15m,B,overlap,0.041238,3.1535,0.0016135,13246
tod_sin,日历,15m,B,main,-0.010819,-0.72772,0.46679,4416
tod_sin,日历,15m,B,overlap,-0.011162,-0.8367,0.40276,13246
tod_cos,日历,15m,B,main,-0.026441,-1.7353,0.08269,4416
tod_cos,日历,15m,B,overlap,-0.021718,-1.577,0.1148,13246
weekend,日历,15m,B,main,0.013627,1.0358,0.30031,4416
weekend,日历,15m,B,overlap,0.022554,1.9474,0.051486,13246
h_to_funding,日历,15m,B,main,0.0088553,0.57745,0.56364,4416
h_to_funding,日历,15m,B,overlap,0.0079399,0.5984,0.54957,13246
ret_1m,价格,1h,A,main,-0.019201,-0.88169,0.37794,2376
ret_1m,价格,1h,A,overlap,-0.01092,-1.6596,0.096993,28512
ret_5m,价格,1h,A,main,-0.0083477,-0.37804,0.7054,2376
ret_5m,价格,1h,A,overlap,-0.015878,-2.4995,0.012437,28512
ret_15m,价格,1h,A,main,-0.021741,-0.99572,0.31939,2376
ret_15m,价格,1h,A,overlap,-0.031408,-3.3558,0.00079134,28512
ret_60m,价格,1h,A,main,-0.03152,-1.4336,0.15168,2376
ret_60m,价格,1h,A,overlap,-0.038379,-2.4953,0.012586,28512
ret_240m,价格,1h,A,main,-0.079286,-3.6307,0.0002826,2376
ret_240m,价格,1h,A,overlap,-0.065535,-3.6769,0.0002361,28512
ret_24h,价格,1h,A,main,-0.020507,-0.94236,0.34601,2376
ret_24h,价格,1h,A,overlap,-0.0053414,-0.29113,0.77096,28512
spot_tbr_1m,主动买卖,1h,A,main,-0.023653,-1.1672,0.24314,2376
spot_tbr_1m,主动买卖,1h,A,overlap,-0.020135,-3.0849,0.0020364,28512
spot_tbr_5m,主动买卖,1h,A,main,-0.019112,-0.96688,0.3336,2376
spot_tbr_5m,主动买卖,1h,A,overlap,-0.023676,-3.2184,0.0012891,28512
spot_tbr_15m,主动买卖,1h,A,main,-0.025255,-1.2756,0.2021,2376
spot_tbr_15m,主动买卖,1h,A,overlap,-0.031319,-2.9833,0.0028519,28512
spot_tbr_60m,主动买卖,1h,A,main,-0.034921,-1.7343,0.082864,2376
spot_tbr_60m,主动买卖,1h,A,overlap,-0.03298,-2.1837,0.028988,28512
fut_tbr_1m,主动买卖,1h,A,main,-0.0044324,-0.22483,0.82211,2376
fut_tbr_1m,主动买卖,1h,A,overlap,-0.0071427,-1.2344,0.21707,28512
fut_tbr_5m,主动买卖,1h,A,main,0.0034971,0.17666,0.85978,2376
fut_tbr_5m,主动买卖,1h,A,overlap,-0.0096452,-1.542,0.12308,28512
fut_tbr_15m,主动买卖,1h,A,main,0.027445,1.4056,0.15985,2376
fut_tbr_15m,主动买卖,1h,A,overlap,-0.022708,-2.407,0.016085,28512
fut_tbr_60m,主动买卖,1h,A,main,-0.031448,-1.5488,0.12143,2376
fut_tbr_60m,主动买卖,1h,A,overlap,-0.03808,-2.5654,0.010304,28512
spot_ntv_1m,主动买卖,1h,A,main,-0.017073,-0.78585,0.43196,2376
spot_ntv_1m,主动买卖,1h,A,overlap,-0.023327,-3.3172,0.00090923,28512
spot_ntv_5m,主动买卖,1h,A,main,-0.027057,-1.2742,0.20259,2376
spot_ntv_5m,主动买卖,1h,A,overlap,-0.029561,-3.8011,0.00014403,28512
spot_ntv_15m,主动买卖,1h,A,main,-0.035908,-1.6887,0.091284,2376
spot_ntv_15m,主动买卖,1h,A,overlap,-0.035378,-3.1613,0.0015705,28512
spot_ntv_60m,主动买卖,1h,A,main,-0.039451,-1.8292,0.067368,2376
spot_ntv_60m,主动买卖,1h,A,overlap,-0.034321,-2.149,0.031636,28512
fut_ntv_1m,主动买卖,1h,A,main,0.00021592,0.01001,0.99201,2376
fut_ntv_1m,主动买卖,1h,A,overlap,-0.010182,-1.6004,0.10951,28512
fut_ntv_5m,主动买卖,1h,A,main,-0.0031917,-0.14578,0.88409,2376
fut_ntv_5m,主动买卖,1h,A,overlap,-0.010414,-1.5155,0.12965,28512
fut_ntv_15m,主动买卖,1h,A,main,0.019365,0.9004,0.36791,2376
fut_ntv_15m,主动买卖,1h,A,overlap,-0.026273,-2.5901,0.009594,28512
fut_ntv_60m,主动买卖,1h,A,main,-0.048705,-2.2181,0.026549,2376
fut_ntv_60m,主动买卖,1h,A,overlap,-0.050804,-3.1959,0.001394,28512
spot_lvr_5m,成交量,1h,A,main,-1.2104e-05,-0.00059355,0.99953,2376
spot_lvr_5m,成交量,1h,A,overlap,0.0047119,0.36388,0.71594,28512
spot_lvr_1h,成交量,1h,A,main,0.019481,0.93619,0.34918,2376
spot_lvr_1h,成交量,1h,A,overlap,0.012854,0.75622,0.44952,28512
fut_lvr_5m,成交量,1h,A,main,0.0094955,0.45421,0.64967,2376
fut_lvr_5m,成交量,1h,A,overlap,0.0085237,0.60963,0.5421,28512
fut_lvr_1h,成交量,1h,A,main,0.0084009,0.4055,0.68511,2376
fut_lvr_1h,成交量,1h,A,overlap,0.0078921,0.45195,0.6513,28512
oi_chg_5m,持仓量,1h,A,main,-0.053201,-2.42,0.015519,2376
oi_chg_5m,持仓量,1h,A,overlap,-0.0085144,-0.96031,0.3369,28512
oi_chg_15m,持仓量,1h,A,main,-0.042484,-1.9695,0.048897,2376
oi_chg_15m,持仓量,1h,A,overlap,-0.0070199,-0.58701,0.5572,28512
oi_chg_60m,持仓量,1h,A,main,-0.014963,-0.69011,0.49012,2376
oi_chg_60m,持仓量,1h,A,overlap,-0.017389,-1.0467,0.29523,28512
oi_chg_240m,持仓量,1h,A,main,-0.015794,-0.73241,0.46392,2376
oi_chg_240m,持仓量,1h,A,overlap,-0.0067951,-0.37647,0.70657,28512
oi_x_price_1h,持仓量,1h,A,main,2.3794e-05,0.0010974,0.99912,2376
oi_x_price_1h,持仓量,1h,A,overlap,0.00085373,0.064474,0.94859,28512
oi_z7d,持仓量,1h,A,main,-0.022635,-1.0838,0.27844,2376
oi_z7d,持仓量,1h,A,overlap,-0.023398,-1.3083,0.19076,28512
liq_proxy,持仓量,1h,A,main,-0.0055991,-0.2693,0.7877,2376
liq_proxy,持仓量,1h,A,overlap,-0.018205,-2.2807,0.022566,28512
top_acct_ls,多空比,1h,A,main,-0.012152,-0.57593,0.56466,2376
top_acct_ls,多空比,1h,A,overlap,-0.021825,-1.1932,0.2328,28512
top_acct_ls_chg1h,多空比,1h,A,main,0.046855,2.1723,0.029833,2376
top_acct_ls_chg1h,多空比,1h,A,overlap,0.029171,1.7101,0.087243,28512
top_pos_ls,多空比,1h,A,main,-0.034951,-1.7394,0.081963,2376
top_pos_ls,多空比,1h,A,overlap,-0.04492,-2.572,0.010113,28512
top_pos_ls_chg1h,多空比,1h,A,main,0.0071854,0.32886,0.74226,2376
top_pos_ls_chg1h,多空比,1h,A,overlap,-0.016646,-1.0309,0.30259,28512
taker_ls_5m,多空比,1h,A,main,0.02505,1.2487,0.21179,2376
taker_ls_5m,多空比,1h,A,overlap,-0.010121,-1.5967,0.11033,28512
funding,资金费率和基差,1h,A,main,-0.014431,-0.70823,0.4788,2376
funding,资金费率和基差,1h,A,overlap,-0.01835,-1.0496,0.29391,28512
premium,资金费率和基差,1h,A,main,-0.019067,-0.91029,0.36267,2376
premium,资金费率和基差,1h,A,overlap,-0.0068343,-0.672,0.50158,28512
premium_1h_mean,资金费率和基差,1h,A,main,-0.0033594,-0.16196,0.87134,2376
premium_1h_mean,资金费率和基差,1h,A,overlap,-0.0071364,-0.4096,0.6821,28512
premium_chg_1h,资金费率和基差,1h,A,main,-0.02775,-1.3041,0.1922,2376
premium_chg_1h,资金费率和基差,1h,A,overlap,-0.0033671,-0.46777,0.63995,28512
rv30,波动区间,1h,A,main,-0.015061,-0.72752,0.4669,2376
rv30,波动区间,1h,A,overlap,-0.015696,-0.92539,0.35476,28512
dvol,波动区间,1h,A,main,0.026292,1.2752,0.20223,2376
dvol,波动区间,1h,A,overlap,0.026599,1.4821,0.1383,28512
dvol_minus_rv30,波动区间,1h,A,main,0.023898,1.144,0.25262,2376
dvol_minus_rv30,波动区间,1h,A,overlap,0.024347,1.4368,0.15077,28512
vr10,波动区间,1h,A,main,-0.044466,-2.1957,0.028114,2376
vr10,波动区间,1h,A,overlap,-0.038983,-2.9586,0.0030909,28512
dealer_gamma,期权 gamma,1h,A,main,-0.024188,-1.1908,0.23374,2376
dealer_gamma,期权 gamma,1h,A,overlap,-0.034404,-1.9586,0.050161,28512
cust_delta_1h,期权 gamma,1h,A,main,-0.033783,-1.5509,0.12092,2376
cust_delta_1h,期权 gamma,1h,A,overlap,-0.025645,-1.6109,0.10719,28512
cust_delta_24h,期权 gamma,1h,A,main,-0.024882,-1.1748,0.24009,2376
cust_delta_24h,期权 gamma,1h,A,overlap,-0.01568,-0.86026,0.38965,28512
pin_1k,期权 gamma,1h,A,main,0.017763,0.87088,0.38382,2376
pin_1k,期权 gamma,1h,A,overlap,0.01904,1.1847,0.23612,28512
pin_5k,期权 gamma,1h,A,main,0.012767,0.62612,0.53123,2376
pin_5k,期权 gamma,1h,A,overlap,0.0057844,0.33031,0.74117,28512
tod_sin,日历,1h,A,main,-0.0068303,-0.34381,0.73099,2376
tod_sin,日历,1h,A,overlap,-0.0063526,-0.37531,0.70743,28512
tod_cos,日历,1h,A,main,0.020917,0.99411,0.32017,2376
tod_cos,日历,1h,A,overlap,0.020308,1.0967,0.27277,28512
weekend,日历,1h,A,main,0.027398,1.4834,0.13798,2376
weekend,日历,1h,A,overlap,0.029706,1.8457,0.064934,28512
h_to_funding,日历,1h,A,main,-0.0208,-1.011,0.31202,2376
h_to_funding,日历,1h,A,overlap,-0.031443,-1.9834,0.047323,28512
ret_1m,价格,1h,B,main,0.020848,0.64933,0.51613,1104
ret_1m,价格,1h,B,overlap,-0.0019478,-0.19464,0.84567,13237
ret_5m,价格,1h,B,main,0.0026656,0.082371,0.93435,1104
ret_5m,价格,1h,B,overlap,-0.015916,-1.6894,0.09115,13237
ret_15m,价格,1h,B,main,0.002382,0.074228,0.94083,1104
ret_15m,价格,1h,B,overlap,-0.02652,-1.9153,0.055454,13237
ret_60m,价格,1h,B,main,-0.029305,-0.90956,0.36305,1104
ret_60m,价格,1h,B,overlap,-0.039341,-1.7116,0.086979,13237
ret_240m,价格,1h,B,main,-0.044291,-1.3694,0.17088,1104
ret_240m,价格,1h,B,overlap,-0.050083,-1.95,0.051172,13237
ret_24h,价格,1h,B,main,-0.025207,-0.79115,0.42886,1104
ret_24h,价格,1h,B,overlap,-0.027851,-1.0501,0.29369,13237
spot_tbr_1m,主动买卖,1h,B,main,-0.013465,-0.47358,0.6358,1104
spot_tbr_1m,主动买卖,1h,B,overlap,0.0002499,0.025554,0.97961,13237
spot_tbr_5m,主动买卖,1h,B,main,-0.0092953,-0.32678,0.74384,1104
spot_tbr_5m,主动买卖,1h,B,overlap,-0.0090432,-0.86153,0.38894,13237
spot_tbr_15m,主动买卖,1h,B,main,0.0033582,0.11716,0.90673,1104
spot_tbr_15m,主动买卖,1h,B,overlap,-0.019408,-1.2565,0.20892,13237
spot_tbr_60m,主动买卖,1h,B,main,-0.0056391,-0.1932,0.8468,1104
spot_tbr_60m,主动买卖,1h,B,overlap,-0.025847,-1.1738,0.24046,13237
fut_tbr_1m,主动买卖,1h,B,main,-0.001244,-0.043194,0.96555,1104
fut_tbr_1m,主动买卖,1h,B,overlap,0.0087657,0.99585,0.31932,13237
fut_tbr_5m,主动买卖,1h,B,main,0.002728,0.094426,0.92477,1104
fut_tbr_5m,主动买卖,1h,B,overlap,-0.0056085,-0.59462,0.5521,13237
fut_tbr_15m,主动买卖,1h,B,main,-0.017317,-0.59608,0.55112,1104
fut_tbr_15m,主动买卖,1h,B,overlap,-0.021653,-1.5726,0.11581,13237
fut_tbr_60m,主动买卖,1h,B,main,-0.004977,-0.17199,0.86344,1104
fut_tbr_60m,主动买卖,1h,B,overlap,-0.030228,-1.4119,0.15799,13237
spot_ntv_1m,主动买卖,1h,B,main,-0.014966,-0.49482,0.62073,1104
spot_ntv_1m,主动买卖,1h,B,overlap,-0.0041191,-0.38949,0.69691,13237
spot_ntv_5m,主动买卖,1h,B,main,-0.0039046,-0.12574,0.89994,1104
spot_ntv_5m,主动买卖,1h,B,overlap,-0.0122,-1.0877,0.27671,13237
spot_ntv_15m,主动买卖,1h,B,main,0.0058217,0.18814,0.85077,1104
spot_ntv_15m,主动买卖,1h,B,overlap,-0.020511,-1.2622,0.20686,13237
spot_ntv_60m,主动买卖,1h,B,main,0.0029916,0.095791,0.92369,1104
spot_ntv_60m,主动买卖,1h,B,overlap,-0.021322,-0.90701,0.3644,13237
fut_ntv_1m,主动买卖,1h,B,main,0.013654,0.43388,0.66437,1104
fut_ntv_1m,主动买卖,1h,B,overlap,0.0037961,0.3952,0.6927,13237
fut_ntv_5m,主动买卖,1h,B,main,-0.0085483,-0.27079,0.78655,1104
fut_ntv_5m,主动买卖,1h,B,overlap,-0.011812,-1.1998,0.23023,13237
fut_ntv_15m,主动买卖,1h,B,main,-0.016013,-0.50272,0.61516,1104
fut_ntv_15m,主动买卖,1h,B,overlap,-0.024784,-1.728,0.083989,13237
fut_ntv_60m,主动买卖,1h,B,main,0.0086852,0.27416,0.78396,1104
fut_ntv_60m,主动买卖,1h,B,overlap,-0.026901,-1.1611,0.24562,13237
spot_lvr_5m,成交量,1h,B,main,0.013466,0.45153,0.65161,1104
spot_lvr_5m,成交量,1h,B,overlap,-0.013235,-0.72985,0.46548,13237
spot_lvr_1h,成交量,1h,B,main,-0.017554,-0.58786,0.55663,1104
spot_lvr_1h,成交量,1h,B,overlap,-0.018603,-0.75775,0.4486,13237
fut_lvr_5m,成交量,1h,B,main,-0.034249,-1.1612,0.24558,1104
fut_lvr_5m,成交量,1h,B,overlap,-0.022031,-1.1089,0.26748,13237
fut_lvr_1h,成交量,1h,B,main,-0.019187,-0.64571,0.51846,1104
fut_lvr_1h,成交量,1h,B,overlap,-0.018308,-0.74839,0.45422,13237
oi_chg_5m,持仓量,1h,B,main,-0.054032,-1.6798,0.092995,1104
oi_chg_5m,持仓量,1h,B,overlap,0.0089616,0.69152,0.48924,13237
oi_chg_15m,持仓量,1h,B,main,-0.0055702,-0.17377,0.86205,1104
oi_chg_15m,持仓量,1h,B,overlap,0.014955,0.84979,0.39544,13237
oi_chg_60m,持仓量,1h,B,main,0.064254,2.0199,0.043398,1104
oi_chg_60m,持仓量,1h,B,overlap,0.030608,1.2563,0.20902,13237
oi_chg_240m,持仓量,1h,B,main,0.025519,0.80919,0.4184,1104
oi_chg_240m,持仓量,1h,B,overlap,0.01942,0.75481,0.45036,13237
oi_x_price_1h,持仓量,1h,B,main,-0.011474,-0.35972,0.71906,1104
oi_x_price_1h,持仓量,1h,B,overlap,0.028243,1.471,0.14129,13237
oi_z7d,持仓量,1h,B,main,0.022608,0.74062,0.45893,1104
oi_z7d,持仓量,1h,B,overlap,0.027847,1.0664,0.28623,13237
liq_proxy,持仓量,1h,B,main,-0.029162,-0.93384,0.35039,1104
liq_proxy,持仓量,1h,B,overlap,-0.021638,-1.803,0.071384,13237
top_acct_ls,多空比,1h,B,main,0.075313,2.6476,0.0081065,1104
top_acct_ls,多空比,1h,B,overlap,0.078342,3.1688,0.0015306,13237
top_acct_ls_chg1h,多空比,1h,B,main,0.033567,1.0482,0.29455,1104
top_acct_ls_chg1h,多空比,1h,B,overlap,0.045156,1.811,0.070143,13237
top_pos_ls,多空比,1h,B,main,0.0073559,0.23631,0.81319,1104
top_pos_ls,多空比,1h,B,overlap,0.0058251,0.21651,0.82859,13237
top_pos_ls_chg1h,多空比,1h,B,main,0.023442,0.71703,0.47335,1104
top_pos_ls_chg1h,多空比,1h,B,overlap,0.017738,0.71955,0.4718,13237
taker_ls_5m,多空比,1h,B,main,-0.010977,-0.38042,0.70363,1104
taker_ls_5m,多空比,1h,B,overlap,-0.0064634,-0.70009,0.48387,13237
funding,资金费率和基差,1h,B,main,-0.0084348,-0.27809,0.78095,1104
funding,资金费率和基差,1h,B,overlap,-0.01093,-0.4226,0.67259,13237
premium,资金费率和基差,1h,B,main,0.03042,0.97419,0.32996,1104
premium,资金费率和基差,1h,B,overlap,0.018921,1.303,0.19257,13237
premium_1h_mean,资金费率和基差,1h,B,main,-0.00066071,-0.021496,0.98285,1104
premium_1h_mean,资金费率和基差,1h,B,overlap,-0.017923,-0.69801,0.48517,13237
premium_chg_1h,资金费率和基差,1h,B,main,0.034136,1.0653,0.28675,1104
premium_chg_1h,资金费率和基差,1h,B,overlap,0.028064,2.5409,0.011057,13237
rv30,波动区间,1h,B,main,-0.0088726,-0.29744,0.76613,1104
rv30,波动区间,1h,B,overlap,-0.018999,-0.77094,0.44074,13237
dvol,波动区间,1h,B,main,0.047343,1.5754,0.11517,1104
dvol,波动区间,1h,B,overlap,0.042023,1.6117,0.10702,13237
dvol_minus_rv30,波动区间,1h,B,main,0.013189,0.44228,0.65829,1104
dvol_minus_rv30,波动区间,1h,B,overlap,0.025155,1.0327,0.30174,13237
vr10,波动区间,1h,B,main,0.010906,0.36465,0.71537,1104
vr10,波动区间,1h,B,overlap,-0.013508,-0.68469,0.49354,13237
dealer_gamma,期权 gamma,1h,B,main,-0.0086843,-0.29534,0.76773,1104
dealer_gamma,期权 gamma,1h,B,overlap,-0.011908,-0.47373,0.63569,13237
cust_delta_1h,期权 gamma,1h,B,main,0.0013158,0.041007,0.96729,1104
cust_delta_1h,期权 gamma,1h,B,overlap,-0.0013007,-0.055239,0.95595,13237
cust_delta_24h,期权 gamma,1h,B,main,-0.039785,-1.3027,0.19268,1104
cust_delta_24h,期权 gamma,1h,B,overlap,-0.053178,-2.073,0.038171,13237
pin_1k,期权 gamma,1h,B,main,0.021921,0.74148,0.4584,1104
pin_1k,期权 gamma,1h,B,overlap,0.037905,1.5831,0.11339,13237
pin_5k,期权 gamma,1h,B,main,0.062093,2.1331,0.032914,1104
pin_5k,期权 gamma,1h,B,overlap,0.062854,2.572,0.010113,13237
tod_sin,日历,1h,B,main,-0.022181,-0.76007,0.44721,1104
tod_sin,日历,1h,B,overlap,-0.027382,-1.0893,0.27604,13237
tod_cos,日历,1h,B,main,-0.054033,-1.7436,0.081229,1104
tod_cos,日历,1h,B,overlap,-0.042258,-1.6099,0.10741,13237
weekend,日历,1h,B,main,0.030229,1.1732,0.24072,1104
weekend,日历,1h,B,overlap,0.03415,1.5446,0.12245,13237
h_to_funding,日历,1h,B,main,0.044732,1.3761,0.16879,1104
h_to_funding,日历,1h,B,overlap,0.027569,1.1249,0.26065,13237
ret_1m,价格,4h,A,main,0.026087,0.62072,0.53478,594
ret_1m,价格,4h,A,overlap,-0.014345,-2.1995,0.02784,28512
ret_5m,价格,4h,A,main,-0.020234,-0.46289,0.64344,594
ret_5m,价格,4h,A,overlap,-0.015924,-2.5374,0.011167,28512
ret_15m,价格,4h,A,main,0.045734,1.0151,0.31005,594
ret_15m,价格,4h,A,overlap,-0.029974,-3.1102,0.0018698,28512
ret_60m,价格,4h,A,main,-0.032474,-0.74861,0.45409,594
ret_60m,价格,4h,A,overlap,-0.053764,-2.9644,0.0030328,28512
ret_240m,价格,4h,A,main,-0.11138,-2.6069,0.0091374,594
ret_240m,价格,4h,A,overlap,-0.08249,-2.655,0.0079306,28512
ret_24h,价格,4h,A,main,-0.025361,-0.59564,0.55142,594
ret_24h,价格,4h,A,overlap,-0.018974,-0.57868,0.56281,28512
spot_tbr_1m,主动买卖,4h,A,main,0.010715,0.26705,0.78943,594
spot_tbr_1m,主动买卖,4h,A,overlap,-0.025525,-3.5763,0.00034851,28512
spot_tbr_5m,主动买卖,4h,A,main,0.00046707,0.011298,0.99099,594
spot_tbr_5m,主动买卖,4h,A,overlap,-0.028974,-3.3376,0.00084502,28512
spot_tbr_15m,主动买卖,4h,A,main,-0.02536,-0.60468,0.54539,594
spot_tbr_15m,主动买卖,4h,A,overlap,-0.038421,-3.0168,0.0025549,28512
spot_tbr_60m,主动买卖,4h,A,main,-0.019273,-0.46087,0.64489,594
spot_tbr_60m,主动买卖,4h,A,overlap,-0.050023,-2.431,0.015056,28512
fut_tbr_1m,主动买卖,4h,A,main,0.011891,0.28428,0.7762,594
fut_tbr_1m,主动买卖,4h,A,overlap,-0.015424,-2.4955,0.012578,28512
fut_tbr_5m,主动买卖,4h,A,main,-0.0050002,-0.12078,0.90387,594
fut_tbr_5m,主动买卖,4h,A,overlap,-0.018171,-2.8335,0.0046039,28512
fut_tbr_15m,主动买卖,4h,A,main,0.049691,1.1777,0.23891,594
fut_tbr_15m,主动买卖,4h,A,overlap,-0.027361,-2.6241,0.008688,28512
fut_tbr_60m,主动买卖,4h,A,main,0.03394,0.84083,0.40044,594
fut_tbr_60m,主动买卖,4h,A,overlap,-0.040281,-2.2231,0.02621,28512
spot_ntv_1m,主动买卖,4h,A,main,0.00072529,0.017727,0.98586,594
spot_ntv_1m,主动买卖,4h,A,overlap,-0.029769,-4.0483,5.1598e-05,28512
spot_ntv_5m,主动买卖,4h,A,main,-0.0059246,-0.13867,0.88971,594
spot_ntv_5m,主动买卖,4h,A,overlap,-0.031087,-3.6076,0.00030901,28512
spot_ntv_15m,主动买卖,4h,A,main,-0.04873,-1.1372,0.25545,594
spot_ntv_15m,主动买卖,4h,A,overlap,-0.04094,-3.1456,0.0016574,28512
spot_ntv_60m,主动买卖,4h,A,main,-0.048381,-1.1502,0.25005,594
spot_ntv_60m,主动买卖,4h,A,overlap,-0.058364,-2.8089,0.0049708,28512
fut_ntv_1m,主动买卖,4h,A,main,0.036688,0.81178,0.41692,594
fut_ntv_1m,主动买卖,4h,A,overlap,-0.015587,-2.3626,0.018148,28512
fut_ntv_5m,主动买卖,4h,A,main,-0.0061101,-0.13513,0.89251,594
fut_ntv_5m,主动买卖,4h,A,overlap,-0.014549,-2.0941,0.036254,28512
fut_ntv_15m,主动买卖,4h,A,main,0.039174,0.89788,0.36925,594
fut_ntv_15m,主动买卖,4h,A,overlap,-0.031258,-2.8989,0.0037443,28512
fut_ntv_60m,主动买卖,4h,A,main,-0.0042512,-0.09985,0.92046,594
fut_ntv_60m,主动买卖,4h,A,overlap,-0.053314,-2.8774,0.0040095,28512
spot_lvr_5m,成交量,4h,A,main,0.044004,1.0712,0.28407,594
spot_lvr_5m,成交量,4h,A,overlap,0.01253,0.63468,0.52563,28512
spot_lvr_1h,成交量,4h,A,main,0.040404,0.97034,0.33188,594
spot_lvr_1h,成交量,4h,A,overlap,0.027486,0.99766,0.31845,28512
fut_lvr_5m,成交量,4h,A,main,-0.0072523,-0.17396,0.8619,594
fut_lvr_5m,成交量,4h,A,overlap,0.0075923,0.35885,0.7197,28512
fut_lvr_1h,成交量,4h,A,main,0.014368,0.34588,0.72943,594
fut_lvr_1h,成交量,4h,A,overlap,0.011089,0.40302,0.68693,28512
oi_chg_5m,持仓量,4h,A,main,-0.018536,-0.43766,0.66163,594
oi_chg_5m,持仓量,4h,A,overlap,-0.010905,-1.0546,0.29161,28512
oi_chg_15m,持仓量,4h,A,main,-0.040952,-0.91661,0.35935,594
oi_chg_15m,持仓量,4h,A,overlap,-0.0084858,-0.60003,0.54849,28512
oi_chg_60m,持仓量,4h,A,main,-0.002106,-0.047629,0.96201,594
oi_chg_60m,持仓量,4h,A,overlap,-0.0094948,-0.42814,0.66855,28512
oi_chg_240m,持仓量,4h,A,main,-0.015227,-0.34531,0.72986,594
oi_chg_240m,持仓量,4h,A,overlap,0.0038803,0.11936,0.90499,28512
oi_x_price_1h,持仓量,4h,A,main,0.0055459,0.11869,0.90552,594
oi_x_price_1h,持仓量,4h,A,overlap,0.011799,0.80557,0.42049,28512
oi_z7d,持仓量,4h,A,main,-0.065481,-1.593,0.11116,594
oi_z7d,持仓量,4h,A,overlap,-0.052824,-1.599,0.10981,28512
liq_proxy,持仓量,4h,A,main,-0.0075223,-0.16398,0.86975,594
liq_proxy,持仓量,4h,A,overlap,-0.027855,-3.4589,0.00054235,28512
top_acct_ls,多空比,4h,A,main,-0.032488,-0.75763,0.44867,594
top_acct_ls,多空比,4h,A,overlap,-0.026668,-0.77601,0.43774,28512
top_acct_ls_chg1h,多空比,4h,A,main,0.037329,0.90163,0.36725,594
top_acct_ls_chg1h,多空比,4h,A,overlap,0.0041121,0.16389,0.86981,28512
top_pos_ls,多空比,4h,A,main,-0.08367,-2.0683,0.038607,594
top_pos_ls,多空比,4h,A,overlap,-0.077131,-2.3042,0.021209,28512
top_pos_ls_chg1h,多空比,4h,A,main,-0.011384,-0.27274,0.78505,594
top_pos_ls_chg1h,多空比,4h,A,overlap,-0.0020849,-0.099925,0.9204,28512
taker_ls_5m,多空比,4h,A,main,0.010938,0.26294,0.7926,594
taker_ls_5m,多空比,4h,A,overlap,-0.017803,-2.7013,0.0069069,28512
funding,资金费率和基差,4h,A,main,-0.0033047,-0.079555,0.93659,594
funding,资金费率和基差,4h,A,overlap,-0.023306,-0.68691,0.49214,28512
premium,资金费率和基差,4h,A,main,0.0024646,0.059235,0.95276,594
premium,资金费率和基差,4h,A,overlap,-0.0067631,-0.39782,0.69076,28512
premium_1h_mean,资金费率和基差,4h,A,main,-0.028158,-0.67197,0.5016,594
premium_1h_mean,资金费率和基差,4h,A,overlap,-0.0078606,-0.24523,0.80628,28512
premium_chg_1h,资金费率和基差,4h,A,main,0.015557,0.37391,0.70847,594
premium_chg_1h,资金费率和基差,4h,A,overlap,-0.0016273,-0.26716,0.78934,28512
rv30,波动区间,4h,A,main,-0.0075167,-0.17934,0.85767,594
rv30,波动区间,4h,A,overlap,-0.008846,-0.3168,0.7514,28512
dvol,波动区间,4h,A,main,0.039608,0.96458,0.33475,594
dvol,波动区间,4h,A,overlap,0.057483,1.6609,0.096743,28512
dvol_minus_rv30,波动区间,4h,A,main,0.014165,0.33576,0.73705,594
dvol_minus_rv30,波动区间,4h,A,overlap,0.023007,0.84789,0.3965,28512
vr10,波动区间,4h,A,main,-0.052769,-1.2299,0.21872,594
vr10,波动区间,4h,A,overlap,-0.047205,-2.5975,0.0093913,28512
dealer_gamma,期权 gamma,4h,A,main,-0.061697,-1.5015,0.13322,594
dealer_gamma,期权 gamma,4h,A,overlap,-0.056765,-1.6722,0.09448,28512
cust_delta_1h,期权 gamma,4h,A,main,0.0018201,0.042105,0.96642,594
cust_delta_1h,期权 gamma,4h,A,overlap,-0.017221,-0.87922,0.37928,28512
cust_delta_24h,期权 gamma,4h,A,main,-0.03626,-0.86563,0.38669,594
cust_delta_24h,期权 gamma,4h,A,overlap,-0.034391,-1.0186,0.30838,28512
pin_1k,期权 gamma,4h,A,main,0.05872,1.4722,0.14098,594
pin_1k,期权 gamma,4h,A,overlap,0.05038,1.8681,0.061748,28512
pin_5k,期权 gamma,4h,A,main,0.019627,0.49172,0.62291,594
pin_5k,期权 gamma,4h,A,overlap,0.026743,0.80768,0.41927,28512
tod_sin,日历,4h,A,main,0.016174,0.41024,0.68163,594
tod_sin,日历,4h,A,overlap,-0.013996,-0.44115,0.6591,28512
tod_cos,日历,4h,A,main,0.02693,0.62338,0.53303,594
tod_cos,日历,4h,A,overlap,0.024442,0.68467,0.49355,28512
weekend,日历,4h,A,main,0.052733,1.4069,0.15945,594
weekend,日历,4h,A,overlap,0.064055,2.0618,0.039228,28512
h_to_funding,日历,4h,A,main,0.02748,0.62471,0.53216,594
h_to_funding,日历,4h,A,overlap,0.0031205,0.15114,0.87986,28512
ret_1m,价格,4h,B,main,-0.14048,-2.253,0.024261,276
ret_1m,价格,4h,B,overlap,-0.0057928,-0.57892,0.56264,13201
ret_5m,价格,4h,B,main,-0.04062,-0.59166,0.55408,276
ret_5m,价格,4h,B,overlap,-0.014414,-1.5488,0.12142,13201
ret_15m,价格,4h,B,main,-0.057944,-0.92462,0.35517,276
ret_15m,价格,4h,B,overlap,-0.019472,-1.479,0.13913,13201
ret_60m,价格,4h,B,main,-0.079201,-1.2598,0.20774,276
ret_60m,价格,4h,B,overlap,-0.033866,-1.3179,0.18755,13201
ret_240m,价格,4h,B,main,-0.089736,-1.4328,0.15192,276
ret_240m,价格,4h,B,overlap,-0.056155,-1.3942,0.16325,13201
ret_24h,价格,4h,B,main,-0.034179,-0.56123,0.57464,276
ret_24h,价格,4h,B,overlap,-0.013398,-0.28158,0.77826,13201
spot_tbr_1m,主动买卖,4h,B,main,-0.097662,-1.6518,0.098582,276
spot_tbr_1m,主动买卖,4h,B,overlap,0.012457,1.0977,0.27234,13201
spot_tbr_5m,主动买卖,4h,B,main,-0.098249,-1.4572,0.14505,276
spot_tbr_5m,主动买卖,4h,B,overlap,0.0073902,0.52343,0.60068,13201
spot_tbr_15m,主动买卖,4h,B,main,-0.11107,-1.863,0.062457,276
spot_tbr_15m,主动买卖,4h,B,overlap,0.0016422,0.08437,0.93276,13201
spot_tbr_60m,主动买卖,4h,B,main,-0.026857,-0.45147,0.65165,276
spot_tbr_60m,主动买卖,4h,B,overlap,-0.0048621,-0.16261,0.87082,13201
fut_tbr_1m,主动买卖,4h,B,main,-0.049378,-0.81508,0.41503,276
fut_tbr_1m,主动买卖,4h,B,overlap,-0.0024384,-0.28703,0.77409,13201
fut_tbr_5m,主动买卖,4h,B,main,0.020079,0.33137,0.74037,276
fut_tbr_5m,主动买卖,4h,B,overlap,0.0039724,0.43822,0.66123,13201
fut_tbr_15m,主动买卖,4h,B,main,-0.058848,-1.0064,0.31423,276
fut_tbr_15m,主动买卖,4h,B,overlap,-0.003253,-0.23216,0.81641,13201
fut_tbr_60m,主动买卖,4h,B,main,-0.026912,-0.46401,0.64264,276
fut_tbr_60m,主动买卖,4h,B,overlap,-0.020442,-0.79685,0.42554,13201
spot_ntv_1m,主动买卖,4h,B,main,-0.074202,-1.2341,0.21718,276
spot_ntv_1m,主动买卖,4h,B,overlap,0.0083343,0.74766,0.45466,13201
spot_ntv_5m,主动买卖,4h,B,main,-0.10321,-1.5357,0.12462,276
spot_ntv_5m,主动买卖,4h,B,overlap,0.0049201,0.35448,0.72298,13201
spot_ntv_15m,主动买卖,4h,B,main,-0.086379,-1.4137,0.15746,276
spot_ntv_15m,主动买卖,4h,B,overlap,-0.0023353,-0.12064,0.90397,13201
spot_ntv_60m,主动买卖,4h,B,main,-0.029001,-0.48349,0.62875,276
spot_ntv_60m,主动买卖,4h,B,overlap,-0.011435,-0.37599,0.70692,13201
fut_ntv_1m,主动买卖,4h,B,main,-0.060595,-0.97726,0.32844,276
fut_ntv_1m,主动买卖,4h,B,overlap,-0.0063597,-0.69971,0.48411,13201
fut_ntv_5m,主动买卖,4h,B,main,0.036638,0.57374,0.56614,276
fut_ntv_5m,主动买卖,4h,B,overlap,-0.001157,-0.12206,0.90285,13201
fut_ntv_15m,主动买卖,4h,B,main,-0.044977,-0.74537,0.45605,276
fut_ntv_15m,主动买卖,4h,B,overlap,-0.0087781,-0.58294,0.55993,13201
fut_ntv_60m,主动买卖,4h,B,main,-0.055657,-0.88976,0.3736,276
fut_ntv_60m,主动买卖,4h,B,overlap,-0.026006,-0.95981,0.33715,13201
spot_lvr_5m,成交量,4h,B,main,-0.0094548,-0.15831,0.87422,276
spot_lvr_5m,成交量,4h,B,overlap,-0.020898,-0.80614,0.42016,13201
spot_lvr_1h,成交量,4h,B,main,-0.031625,-0.52778,0.59765,276
spot_lvr_1h,成交量,4h,B,overlap,-0.027675,-0.76972,0.44146,13201
fut_lvr_5m,成交量,4h,B,main,-0.05896,-1.003,0.31586,276
fut_lvr_5m,成交量,4h,B,overlap,-0.031268,-1.0408,0.29799,13201
fut_lvr_1h,成交量,4h,B,main,-0.082654,-1.4615,0.14387,276
fut_lvr_1h,成交量,4h,B,overlap,-0.039957,-1.0643,0.28718,13201
oi_chg_5m,持仓量,4h,B,main,0.028566,0.46842,0.63948,276
oi_chg_5m,持仓量,4h,B,overlap,0.021937,1.4166,0.15661,13201
oi_chg_15m,持仓量,4h,B,main,0.094533,1.5473,0.12179,276
oi_chg_15m,持仓量,4h,B,overlap,0.030294,1.4244,0.15434,13201
oi_chg_60m,持仓量,4h,B,main,0.11845,1.9708,0.048741,276
oi_chg_60m,持仓量,4h,B,overlap,0.03656,1.1663,0.2435,13201
oi_chg_240m,持仓量,4h,B,main,0.013532,0.22468,0.82223,276
oi_chg_240m,持仓量,4h,B,overlap,0.023944,0.55129,0.58144,13201
oi_x_price_1h,持仓量,4h,B,main,0.046151,0.76707,0.44304,276
oi_x_price_1h,持仓量,4h,B,overlap,0.041362,1.9076,0.056444,13201
oi_z7d,持仓量,4h,B,main,0.066839,1.118,0.26355,276
oi_z7d,持仓量,4h,B,overlap,0.06565,1.3084,0.19074,13201
liq_proxy,持仓量,4h,B,main,-0.077122,-1.2824,0.19971,276
liq_proxy,持仓量,4h,B,overlap,-0.028286,-2.615,0.0089228,13201
top_acct_ls,多空比,4h,B,main,0.1483,2.696,0.0070184,276
top_acct_ls,多空比,4h,B,overlap,0.14936,3.3729,0.00074389,13201
top_acct_ls_chg1h,多空比,4h,B,main,0.15363,2.6103,0.009046,276
top_acct_ls_chg1h,多空比,4h,B,overlap,0.085777,2.3746,0.017567,13201
top_pos_ls,多空比,4h,B,main,0.0049811,0.080189,0.93609,276
top_pos_ls,多空比,4h,B,overlap,0.014754,0.28284,0.7773,13201
top_pos_ls_chg1h,多空比,4h,B,main,0.12623,2.0335,0.042004,276
top_pos_ls_chg1h,多空比,4h,B,overlap,0.00093121,0.030696,0.97551,13201
taker_ls_5m,多空比,4h,B,main,-0.059387,-1.0265,0.30468,276
taker_ls_5m,多空比,4h,B,overlap,0.0071458,0.79005,0.4295,13201
funding,资金费率和基差,4h,B,main,0.0078342,0.12864,0.89764,276
funding,资金费率和基差,4h,B,overlap,0.0022035,0.044953,0.96414,13201
premium,资金费率和基差,4h,B,main,-0.066294,-1.0411,0.29785,276
premium,资金费率和基差,4h,B,overlap,0.023035,1.023,0.30631,13201
premium_1h_mean,资金费率和基差,4h,B,main,0.01149,0.18827,0.85066,276
premium_1h_mean,资金费率和基差,4h,B,overlap,0.0078125,0.17796,0.85876,13201
premium_chg_1h,资金费率和基差,4h,B,main,-0.019465,-0.31187,0.75514,276
premium_chg_1h,资金费率和基差,4h,B,overlap,0.018544,2.0555,0.039832,13201
rv30,波动区间,4h,B,main,0.01754,0.29271,0.76974,276
rv30,波动区间,4h,B,overlap,0.0023072,0.055303,0.9559,13201
dvol,波动区间,4h,B,main,0.06453,1.0975,0.27243,276
dvol,波动区间,4h,B,overlap,0.071434,1.4642,0.14313,13201
dvol_minus_rv30,波动区间,4h,B,main,-0.0014823,-0.024683,0.98031,276
dvol_minus_rv30,波动区间,4h,B,overlap,0.010135,0.24962,0.80288,13201
vr10,波动区间,4h,B,main,0.084848,1.4051,0.15999,276
vr10,波动区间,4h,B,overlap,-0.009193,-0.34973,0.72654,13201
dealer_gamma,期权 gamma,4h,B,main,-0.026242,-0.45571,0.6486,276
dealer_gamma,期权 gamma,4h,B,overlap,-0.0058586,-0.11885,0.90539,13201
cust_delta_1h,期权 gamma,4h,B,main,-0.033308,-0.53152,0.59506,276
cust_delta_1h,期权 gamma,4h,B,overlap,0.015479,0.5111,0.60928,13201
cust_delta_24h,期权 gamma,4h,B,main,-0.10288,-1.7315,0.083362,276
cust_delta_24h,期权 gamma,4h,B,overlap,-0.09499,-2.036,0.041753,13201
pin_1k,期权 gamma,4h,B,main,0.14931,2.3303,0.01979,276
pin_1k,期权 gamma,4h,B,overlap,0.083538,1.9055,0.056719,13201
pin_5k,期权 gamma,4h,B,main,0.16946,2.9285,0.0034062,276
pin_5k,期权 gamma,4h,B,overlap,0.12136,2.446,0.014444,13201
tod_sin,日历,4h,B,main,0.0098522,0.17194,0.86349,276
tod_sin,日历,4h,B,overlap,-0.04482,-1.006,0.31442,13201
tod_cos,日历,4h,B,main,-0.094463,-1.3494,0.1772,276
tod_cos,日历,4h,B,overlap,-0.097166,-1.7933,0.072922,13201
weekend,日历,4h,B,main,0.079585,1.4975,0.13426,276
weekend,日历,4h,B,overlap,0.045002,1.0216,0.30698,13201
h_to_funding,日历,4h,B,main,0.0011824,0.019643,0.98433,276
h_to_funding,日历,4h,B,overlap,0.027391,0.94291,0.34573,13201
