coin,lag,markets,id,family,name,n,win,price,ev,roi,t,p,ev1,n1,ev2,n2,p_fwer,bh,both_halves
eth,2,12258,62,D Chainlink 动量,Chainlink 动量 τ=240 回看10s z>2,491,0.7006109979633401,0.6893890020366598,-0.0012772525458248551,-0.001819737750130891,-0.06776709011043407,0.55635,-0.026207160000000007,225,0.01981007518796992,266,1.0,False,False
eth,2,12258,54,D Chainlink 动量,Chainlink 动量 τ=60 回看10s z>2,177,0.5932203389830508,0.54954802259887,0.0329652033898305,0.05883962733322496,1.118062785002502,0.14715,0.00791446875,96,0.06265496296296297,81,0.2943,False,True
eth,1,12258,62,D Chainlink 动量,Chainlink 动量 τ=240 回看10s z>2,469,0.7014925373134329,0.6694243070362473,0.01935694669509594,0.02837697806905136,1.0140667820854283,0.18265,-0.006293315315315323,222,0.042411028340080974,247,0.3653,False,False
eth,1,12258,54,D Chainlink 动量,Chainlink 动量 τ=60 回看10s z>2,192,0.6354166666666666,0.54375,0.08132547916666666,0.14677273524886492,2.841732423469471,0.00165,0.05350321212121212,99,0.11094273118279568,93,0.0033,True,True
sol,2,12259,62,D Chainlink 动量,Chainlink 动量 τ=240 回看10s z>2,485,0.6824742268041237,0.6822061855670103,-0.012483375257731964,-0.017962786824254156,-0.6442208729636795,0.76065,-0.03896204545454546,242,0.013886329218106987,243,1.0,False,False
sol,2,12259,54,D Chainlink 动量,Chainlink 动量 τ=60 回看10s z>2,185,0.6054054054054054,0.6173513513513513,-0.02161271891891892,-0.03446904974590458,-0.8261496885159326,0.81715,-0.010074402061855661,97,-0.03433109090909092,88,1.0,False,False
sol,1,12259,62,D Chainlink 动量,Chainlink 动量 τ=240 回看10s z>2,459,0.6557734204793029,0.6705664488017429,-0.027486620915032692,-0.04022863807305411,-1.3506333464991525,0.92395,-0.045575189427312784,227,-0.009787892241379322,232,1.0,False,False
sol,1,12259,54,D Chainlink 动量,Chainlink 动量 τ=60 回看10s z>2,201,0.5970149253731343,0.603681592039801,-0.01672061691542289,-0.02724400945246452,-0.6327350486214804,0.7627,-0.039125054054054066,111,0.010911522222222218,90,1.0,False,False
xrp,2,12258,62,D Chainlink 动量,Chainlink 动量 τ=240 回看10s z>2,534,0.6947565543071161,0.697378277153558,-0.014853528089887644,-0.02093195750504793,-0.8221896982479348,0.8101,-0.020435838345864665,266,-0.00931287686567165,268,1.0,False,False
xrp,2,12258,54,D Chainlink 动量,Chainlink 动量 τ=60 回看10s z>2,203,0.645320197044335,0.6222167487684729,0.013440931034482762,0.021271359510430892,0.5241470771490518,0.341,0.0026682000000000055,95,0.022916944444444448,108,0.682,False,True
xrp,1,12258,62,D Chainlink 动量,Chainlink 动量 τ=240 回看10s z>2,520,0.7096153846153846,0.6823653846153845,0.01468679038461538,0.021134243872742767,0.8090935815480105,0.23315,0.027217841085271314,258,0.0023470534351145034,262,0.4663,False,True
xrp,1,12258,54,D Chainlink 动量,Chainlink 动量 τ=60 回看10s z>2,225,0.6888888888888889,0.6176444444444446,0.0614964311111111,0.09801907936370687,2.39820405774192,0.00635,0.06892038596491228,114,0.05387182882882883,111,0.0127,True,True
doge,2,12259,62,D Chainlink 动量,Chainlink 动量 τ=240 回看10s z>2,528,0.7045454545454546,0.6980492424242425,-0.0057954299242424165,-0.008158660230529993,-0.32354205843777845,0.6478,0.024029562499999997,272,-0.03748448437500001,256,1.0,False,False
doge,2,12259,54,D Chainlink 动量,Chainlink 动量 τ=60 回看10s z>2,219,0.547945205479452,0.6064840182648401,-0.06867219178082191,-0.11136920898752292,-2.4168431047974916,0.99675,-0.11106578294573644,129,-0.007908044444444446,90,1.0,False,False
doge,1,12259,62,D Chainlink 动量,Chainlink 动量 τ=240 回看10s z>2,509,0.68762278978389,0.6799607072691553,-0.004750333988212182,-0.006860945096095,-0.2587126763465037,0.6265,0.02267439999999999,255,-0.032283039370078745,254,1.0,False,False
doge,1,12259,54,D Chainlink 动量,Chainlink 动量 τ=60 回看10s z>2,216,0.5740740740740741,0.5962962962962963,-0.03272773148148148,-0.05393479581280697,-1.0778334511300711,0.908,-0.04877568548387096,124,-0.011097880434782622,92,1.0,False,False
