id,family,name,n,win,price,ev,roi,t,p,ev1,n1,ev2,n2,p_fwer,bh,both_halves
1,A 买强势方,"强势方 τ=10 [0.70,0.97]",5,0.8,0.8600000000000001,-0.0680836,-0.0784297733536263,-0.31786858847642474,1.0,0.15070399999999998,2,-0.213942,3,1.0,False,False
2,A 买强势方,"强势方 τ=10 [0.80,0.97]",4,0.75,0.885,-0.1419125,-0.1591103387383852,-0.5467229090865018,1.0,0.15070399999999998,2,-0.434529,2,1.0,False,False
3,A 买强势方,"强势方 τ=10 [0.85,0.99]",9,0.8888888888888888,0.9644444444444444,-0.07784533333333334,-0.08052402774610694,-0.7387796739113077,1.0,0.035132250000000004,4,-0.1682274,5,1.0,False,False
4,A 买强势方,"强势方 τ=10 [0.90,0.99]",8,0.875,0.975,-0.10165199999999999,-0.10408210908286676,-0.8733804634220776,1.0,0.009307000000000008,3,-0.1682274,5,1.0,False,False
5,A 买强势方,"强势方 τ=20 [0.70,0.97]",18,0.8888888888888888,0.9055555555555556,-0.022247222222222203,-0.024417012947815436,-0.31121108857554686,0.79485,0.09511677777777779,9,-0.13961122222222222,9,1.0,False,False
6,A 买强势方,"强势方 τ=20 [0.80,0.97]",16,0.9375,0.928125,0.004835937500000012,0.0051850797028002915,0.0747179373825868,0.7109,0.07739700000000002,8,-0.067725125,8,1.0,False,False
7,A 买强势方,"强势方 τ=20 [0.85,0.99]",29,0.9655172413793104,0.9593103448275863,0.0035604137931034567,0.003701219941478492,0.10250621650787256,0.6946,0.04679081818181819,11,-0.02285816666666666,18,1.0,False,False
8,A 买强势方,"强势方 τ=20 [0.90,0.99]",26,0.9615384615384616,0.9684615384615383,-0.009022538461538446,-0.00929620957522345,-0.2373032186224529,0.8232,0.031112000000000015,9,-0.03027023529411764,17,1.0,False,False
9,A 买强势方,"强势方 τ=30 [0.70,0.97]",33,0.9696969696969697,0.8827272727272728,0.08016378787878789,0.09011894049296201,2.68254309456457,0.0972,0.03175964705882353,17,0.13159318750000001,16,1.0,False,True
10,A 买强势方,"强势方 τ=30 [0.80,0.97]",27,1.0,0.9129629629629629,0.08164885185185186,0.08890809579374567,8.841872838936288,0.0955,0.0826444375,16,0.0802007272727273,11,1.0,False,True
11,A 买强势方,"强势方 τ=30 [0.85,0.99]",45,1.0,0.9524444444444444,0.0445016888888889,0.04657432501072623,7.69351812238333,0.12195,0.052672125000000014,24,0.03516404761904762,21,1.0,False,True
12,A 买强势方,"强势方 τ=30 [0.90,0.99]",39,1.0,0.9648717948717948,0.03280725641025642,0.03392008121203642,7.944803293597907,0.2671,0.035900684210526335,19,0.02986850000000001,20,1.0,False,True
13,A 买强势方,"强势方 τ=45 [0.70,0.97]",69,0.8840579710144928,0.874782608695652,0.002075101449275378,0.002352768427688761,0.054781037784642876,0.57615,-0.012610999999999982,31,0.014055868421052652,38,1.0,False,False
14,A 买强势方,"强势方 τ=45 [0.80,0.97]",56,0.9107142857142857,0.9066071428571428,-0.001629982142857129,-0.001786586708858849,-0.04312594029339724,0.63595,-0.0251123846153846,26,0.018721433333333357,30,1.0,False,False
15,A 买强势方,"强势方 τ=45 [0.85,0.99]",70,0.9571428571428572,0.9438571428571427,0.009713814285714299,0.010252814560571782,0.4032906496643697,0.4875,0.023338742857142866,35,-0.003911114285714269,35,1.0,False,False
16,A 买强势方,"强势方 τ=45 [0.90,0.99]",53,0.9811320754716981,0.9656603773584905,0.013192075471698133,0.013629021914269616,0.6931582659284107,0.488,0.02943846153846155,26,-0.002452592592592576,27,1.0,False,False
17,A 买强势方,"强势方 τ=60 [0.70,0.97]",99,0.898989898989899,0.8836464646464645,0.008557892424242436,0.009610944306965918,0.29872705548090955,0.4661,-0.024884400925925924,54,0.04868864444444446,45,1.0,False,False
18,A 买强势方,"强势方 τ=60 [0.80,0.97]",81,0.9506172839506173,0.9139629629629631,0.031288177160493834,0.03403370667740287,1.3012682838933716,0.2026,-0.005409144565217378,46,0.07951894285714287,35,1.0,False,False
19,A 买强势方,"强势方 τ=60 [0.85,0.99]",124,0.9435483870967742,0.9489596774193549,-0.008691126209677418,-0.009127037985957239,-0.4207080671228472,0.7527,-0.026027949999999994,67,0.011687245614035092,57,1.0,False,False
20,A 买强势方,"强势方 τ=60 [0.90,0.99]",107,0.9532710280373832,0.960411214953271,-0.009742711028037383,-0.010116897228789721,-0.4762057516489109,0.7973,-0.018613787142857136,56,-1.9215686274459634e-06,51,1.0,False,False
21,A 买强势方,"强势方 τ=90 [0.70,0.97]",141,0.8723404255319149,0.8783687943262412,-0.013077865248226935,-0.014770267775588906,-0.4783240357271687,0.7419,-0.012587901408450695,71,-0.013574828571428551,70,1.0,False,False
22,A 买强势方,"强势方 τ=90 [0.80,0.97]",112,0.9107142857142857,0.9096428571428571,-0.004489821428571413,-0.004905814335326822,-0.1696331373936343,0.649,0.0037746896551724314,58,-0.0133665185185185,54,1.0,False,False
23,A 买强势方,"强势方 τ=90 [0.85,0.99]",135,0.9555555555555556,0.9463703703703704,0.005738903703703716,0.0060421173839336345,0.33126081535022267,0.4798,0.026215534246575353,73,-0.018370677419354824,62,1.0,False,False
24,A 买强势方,"强势方 τ=90 [0.90,0.99]",119,0.9747899159663865,0.9569747899159666,0.014986302521008415,0.015613925923046421,1.0480121445342503,0.2862,0.02297086885245903,61,0.006588741379310362,58,1.0,False,True
25,A 买强势方,"强势方 τ=120 [0.70,0.97]",169,0.8520710059171598,0.8599999999999999,-0.01588811834319526,-0.018305145828998073,-0.5993735449276746,0.77545,-0.008690722222222218,90,-0.024087683544303788,79,1.0,False,False
26,A 买强势方,"强势方 τ=120 [0.80,0.97]",130,0.8846153846153846,0.8968461538461538,-0.018525869230769224,-0.020512704022625707,-0.6758601146587362,0.80725,0.0042526515151515235,66,-0.042016218749999994,64,1.0,False,False
27,A 买强势方,"强势方 τ=120 [0.85,0.99]",134,0.9253731343283582,0.927910447761194,-0.007082820895522375,-0.007595877162714678,-0.32027856328840076,0.7037,-0.01987579710144927,69,0.006497415384615401,65,1.0,False,False
28,A 买强势方,"强势方 τ=120 [0.90,0.99]",94,0.9680851063829787,0.9518085106382979,0.013121010638297886,0.013739794717691583,0.7319475937684149,0.38055,0.0040021428571428595,49,0.023050444444444464,45,1.0,False,True
29,A 买强势方,"强势方 τ=180 [0.70,0.97]",157,0.8089171974522293,0.8354140127388533,-0.0357051592356688,-0.04227351899099972,-1.1770029155434354,0.90985,-0.060505961038961054,77,-0.011834387499999998,80,1.0,False,False
30,A 买强势方,"强势方 τ=180 [0.80,0.97]",101,0.8613861386138614,0.8826732673267327,-0.02835913861386138,-0.03187332300568435,-0.8504204699304104,0.85675,-0.026589959183673458,49,-0.030026250000000008,52,1.0,False,False
31,A 买强势方,"强势方 τ=180 [0.85,0.99]",76,0.9210526315789473,0.9084210526315788,0.006909631578947373,0.007558589388035977,0.22615404874049477,0.5199,-0.04589627027027026,37,0.057007538461538464,39,1.0,False,False
32,A 买强势方,"强势方 τ=180 [0.90,0.99]",44,0.9545454545454546,0.9352272727272726,0.015124386363636373,0.01609968828238921,0.4730316733523981,0.49345,-0.0031050555555555393,18,0.027744769230769236,26,1.0,False,False
33,B 买弱势方,"弱势方 τ=30 [0.03,0.20]",40,0.0,0.07575000000000001,-0.080461525,-1.0,-9.149731468565003,1.0,-0.09080145,20,-0.0701216,20,1.0,False,False
34,B 买弱势方,"弱势方 τ=30 [0.10,0.30]",19,0.05263157894736842,0.16894736842105262,-0.12589657894736841,-0.7051917211939146,-2.4930759153960054,0.9773,-0.05739799999999998,11,-0.220082125,8,1.0,False,False
35,B 买弱势方,"弱势方 τ=60 [0.03,0.20]",106,0.05660377358490566,0.07695283018867924,-0.025180384622641508,-0.3078882900370529,-1.1115353925928932,0.8771,0.004729210862068965,58,-0.06132114583333332,48,1.0,False,False
36,B 买弱势方,"弱势方 τ=60 [0.10,0.30]",50,0.2,0.17400000000000002,0.016218200000000002,0.08824704078423437,0.2929430516338923,0.44165,0.0765178148148148,27,-0.0545683043478261,23,1.0,False,False
37,B 买弱势方,"弱势方 τ=120 [0.03,0.20]",140,0.09285714285714286,0.09821428571428571,-0.011378692857142853,-0.1091629647248406,-0.47629750463746096,0.71505,-0.019537380281690137,71,-0.002983521739130435,69,1.0,False,False
38,B 买弱势方,"弱势方 τ=120 [0.10,0.30]",109,0.1926605504587156,0.18431192660550458,-0.0019026513761467945,-0.009779091617548986,-0.05056835692908787,0.5585,-0.011557896551724154,58,0.009077823529411768,51,1.0,False,False
39,B 买弱势方,"弱势方 τ=240 [0.03,0.20]",35,0.17142857142857143,0.16285714285714284,-0.0008965714285714149,-0.005202789411378412,-0.01412118547128121,0.5768,0.06677847619047621,21,-0.10240914285714284,14,1.0,False,False
40,B 买弱势方,"弱势方 τ=240 [0.10,0.30]",109,0.1926605504587156,0.23137614678899085,-0.05100862385321102,-0.20933556325804953,-1.349487716060863,0.91925,0.03517711111111111,54,-0.13562734545454544,55,1.0,False,False
41,C 亚式模型价差,模型价差 τ=30 θ=0.01,45,0.08888888888888889,0.17222222222222222,-0.08997757777777778,-0.5030433007068835,-3.0003576650477357,0.9919,-0.051430750000000004,20,-0.12081503999999998,25,1.0,False,False
42,C 亚式模型价差,模型价差 τ=30 θ=0.03,38,0.07894736842105263,0.1618421052631579,-0.08989344736842103,-0.5324153816012622,-2.6207154241285355,0.9848,-0.029220333333333334,15,-0.12946286956521735,23,1.0,False,False
43,C 亚式模型价差,模型价差 τ=30 θ=0.05,31,0.0967741935483871,0.1790322580645161,-0.08974919354838708,-0.48116858129872153,-2.176693035590569,0.9729,-0.018805249999999992,12,-0.1345558947368421,19,1.0,False,False
44,C 亚式模型价差,模型价差 τ=60 θ=0.01,108,0.35185185185185186,0.3435555555555556,0.0007056103703703769,0.002009448733933235,0.022298369479693967,0.5413,0.05862753428571429,56,-0.06167184615384614,52,1.0,False,False
45,C 亚式模型价差,模型价差 τ=60 θ=0.03,69,0.30434782608695654,0.2751304347826087,0.020347940869565217,0.07164770807561993,0.4725822775786668,0.3736,0.053987769142857155,35,-0.014281294117647053,34,1.0,False,False
46,C 亚式模型价差,模型价差 τ=60 θ=0.05,54,0.2777777777777778,0.23629629629629634,0.031834962962962975,0.12944050830244194,0.5964676744486208,0.31925,0.05700303703703707,27,0.006666888888888891,27,1.0,False,True
47,C 亚式模型价差,模型价差 τ=120 θ=0.01,148,0.4864864864864865,0.47277027027027024,0.004125790540540556,0.008553330682238873,0.13811410519048198,0.48765,0.002157650602409654,83,0.00663895384615386,65,1.0,False,True
48,C 亚式模型价差,模型价差 τ=120 θ=0.03,95,0.4421052631578947,0.4275789473684211,0.003761200000000006,0.008580474371898121,0.08775222462981411,0.5109,0.001037222222222243,54,0.007348878048780497,41,1.0,False,True
49,C 亚式模型价差,模型价差 τ=120 θ=0.05,53,0.33962264150943394,0.349433962264151,-0.02132539622641507,-0.05908162393729797,-0.3885534620183171,0.7079,-0.003933791666666663,24,-0.03571844827586203,29,1.0,False,False
50,C 亚式模型价差,模型价差 τ=240 θ=0.01,130,0.46153846153846156,0.5096923076923077,-0.06232464615384614,-0.11897124504223094,-1.6548378326550333,0.9525,-0.033575709677419345,62,-0.08853691176470588,68,1.0,False,False
51,C 亚式模型价差,模型价差 τ=240 θ=0.03,88,0.4772727272727273,0.5198863636363636,-0.05637762499999999,-0.10564525022778894,-1.2354663129049592,0.90515,-0.05459690476190474,42,-0.05800349999999998,46,1.0,False,False
52,C 亚式模型价差,模型价差 τ=240 θ=0.05,58,0.41379310344827586,0.506896551724138,-0.10701027586206896,-0.2054715466780831,-1.8784844296036056,0.97565,-0.05976926666666665,30,-0.15762564285714284,28,1.0,False,False
53,D Chainlink 动量,Chainlink 动量 τ=60 回看10s z>1,20,0.5,0.5505,-0.06039625,-0.10777418656887872,-0.6648822153010315,0.8514,-0.07352420000000001,10,-0.047268299999999985,10,1.0,False,False
54,D Chainlink 动量,Chainlink 动量 τ=60 回看10s z>2,3,0.3333333333333333,0.5733333333333334,-0.24760200000000002,-0.4262126708308326,-0.9476195414210236,1.0,-0.41353650000000003,2,0.08426699999999997,1,1.0,False,False
55,D Chainlink 动量,Chainlink 动量 τ=60 回看30s z>1,25,0.52,0.5184,-0.007124800000000011,-0.013516343757683211,-0.08954998065287365,0.64965,-0.06318426666666667,15,0.07696440000000002,10,1.0,False,False
56,D Chainlink 动量,Chainlink 动量 τ=60 回看30s z>2,4,0.25,0.5275,-0.28484475000000004,-0.5325746396501042,-1.315978923151736,1.0,-0.5639565,2,-0.005733000000000002,2,1.0,False,False
57,D Chainlink 动量,Chainlink 动量 τ=120 回看10s z>1,37,0.4864864864864865,0.5451351351351351,-0.06931835135135134,-0.12471707087151289,-0.9054842189550454,0.90295,0.09933078571428573,14,-0.17197434782608695,23,1.0,False,False
58,D Chainlink 动量,Chainlink 动量 τ=120 回看10s z>2,7,0.8571428571428571,0.7414285714285714,0.10392528571428575,0.13797512120857514,0.6238859009537722,1.0,0.31154950000000003,2,0.020875599999999994,5,1.0,False,False
59,D Chainlink 动量,Chainlink 动量 τ=120 回看30s z>1,55,0.5818181818181818,0.649818181818182,-0.07904650909090906,-0.11961073148297886,-1.3219004578290432,0.9466,0.05835160714285716,28,-0.22153344444444445,27,1.0,False,False
60,D Chainlink 动量,Chainlink 动量 τ=120 回看30s z>2,13,0.6153846153846154,0.5976923076923076,0.00443269230769231,0.00725538645556273,0.03823770361591474,0.6195,0.128039,9,-0.27368149999999997,4,1.0,False,False
61,D Chainlink 动量,Chainlink 动量 τ=240 回看10s z>1,53,0.6981132075471698,0.5749056603773585,0.10865401886792453,0.18432831475810402,1.7397346624474712,0.05135,0.0934935454545455,22,0.11941306451612904,31,1.0,False,True
62,D Chainlink 动量,Chainlink 动量 τ=240 回看10s z>2,15,0.6666666666666666,0.49733333333333335,0.15455400000000002,0.30179687021996465,1.3713405348630263,0.15515,0.2631844,5,0.10023880000000003,10,1.0,False,True
63,D Chainlink 动量,Chainlink 动量 τ=240 回看30s z>1,81,0.6296296296296297,0.6550617283950617,-0.039344814814814805,-0.058813629043018296,-0.7828302684018159,0.82245,-0.09767759090909091,44,0.030023891891891905,37,1.0,False,False
64,D Chainlink 动量,Chainlink 动量 τ=240 回看30s z>2,14,0.6428571428571429,0.6442857142857142,-0.01592057142857142,-0.02416683364256401,-0.11964784481587423,0.67355,-0.08858171428571428,7,0.05674057142857144,7,1.0,False,False
65,E mid 动量/反转,mid 30s 变动>0.10 跟随 τ=60,68,0.8088235294117647,0.743485294117647,0.055431432794117656,0.07357580872294388,1.418023899777388,0.13795,0.0061500476666666625,30,0.09433778947368422,38,1.0,False,True
66,E mid 动量/反转,mid 30s 变动>0.10 反向 τ=60,68,0.19117647058823528,0.26779411764705885,-0.08682148529411764,-0.3123097974535466,-2.219541760501212,0.9827,-0.03534743333333332,30,-0.12745889473684208,38,1.0,False,False
67,E mid 动量/反转,mid 30s 变动>0.20 跟随 τ=60,41,0.7560975609756098,0.7499999999999999,-0.0037866097560975537,-0.0049831407232122675,-0.06836920149981568,0.6153,-0.044044149999999976,20,0.03455390476190476,21,1.0,False,False
68,E mid 动量/反转,mid 30s 变动>0.20 反向 τ=60,41,0.24390243902439024,0.2621951219512196,-0.028462317073170724,-0.1045007345332725,-0.5147926734210558,0.74875,0.014048100000000013,20,-0.06894842857142856,21,1.0,False,False
69,E mid 动量/反转,mid 30s 变动>0.10 跟随 τ=120,94,0.6276595744680851,0.6951063829787234,-0.07981253191489361,-0.11281368013637044,-1.7389393974081186,0.97505,0.006394000000000014,47,-0.1660190638297872,47,1.0,False,False
70,E mid 动量/反转,mid 30s 变动>0.10 反向 τ=120,96,0.3645833333333333,0.3094791666666667,0.042664072916666664,0.13253035205612018,0.9495974538956987,0.19265,-0.040749458333333315,48,0.12607760416666666,48,1.0,False,False
71,E mid 动量/反转,mid 30s 变动>0.20 跟随 τ=120,46,0.6739130434782609,0.7093478260869566,-0.04790467391304347,-0.06636671940690794,-0.6792857324010173,0.8286,-0.011975958333333323,24,-0.08709963636363634,22,1.0,False,False
72,E mid 动量/反转,mid 30s 变动>0.20 反向 τ=120,47,0.3191489361702128,0.295531914893617,0.011057382978723425,0.03588992578401163,0.15995216865116396,0.49075,-0.02309337499999999,24,0.04669295652173915,23,1.0,False,False
73,E mid 动量/反转,mid 30s 变动>0.10 跟随 τ=240,111,0.6936936936936937,0.6628828828828829,0.01647102702702702,0.024321434939705237,0.3966288432400389,0.38965,-0.030797132075471696,53,0.059664344827586195,58,1.0,False,False
74,E mid 动量/反转,mid 30s 变动>0.10 反向 τ=240,111,0.3063063063063063,0.3471171171171171,-0.05537163063063063,-0.1530965120504029,-1.3346195475203615,0.91635,-0.007830358490566038,53,-0.09881451724137928,58,1.0,False,False
75,E mid 动量/反转,mid 30s 变动>0.20 跟随 τ=240,38,0.7105263157894737,0.675,0.020986026315789486,0.030434807996219927,0.3031899487502667,0.4648,-0.08833027777777774,18,0.11937069999999998,20,1.0,False,False
76,E mid 动量/反转,mid 30s 变动>0.20 反向 τ=240,38,0.2894736842105263,0.335,-0.0603046052631579,-0.172408085573004,-0.8721186192314574,0.8332,0.049195499999999996,18,-0.1588547,20,1.0,False,False
77,F 盘口失衡,盘口失衡>0.3 τ=60,72,0.4722222222222222,0.5158888888888888,-0.05406180666666666,-0.1027236315356254,-1.3489920702007707,0.9119,-0.041090347586206895,29,-0.06280999999999999,43,1.0,False,False
78,F 盘口失衡,盘口失衡>0.6 τ=60,27,0.37037037037037035,0.44814814814814813,-0.08894511111111109,-0.1936471002985279,-1.542885302399073,0.92365,0.07016577777777779,9,-0.16850055555555554,18,1.0,False,False
79,F 盘口失衡,盘口失衡>0.3 τ=120,110,0.5181818181818182,0.507818181818182,-0.0010300727272727279,-0.0019839159027524736,-0.025755196820661238,0.56,0.031059053571428567,56,-0.034307685185185184,54,1.0,False,False
80,F 盘口失衡,盘口失衡>0.6 τ=120,36,0.5833333333333334,0.5025,0.07002980555555556,0.13642962061595895,1.1289883230025803,0.1952,0.0701205,18,0.06993911111111112,18,1.0,False,True
81,F 盘口失衡,盘口失衡>0.3 τ=240,148,0.4864864864864865,0.5327027027027026,-0.06080222972972972,-0.11109717399272802,-1.6103888443011378,0.9544,-0.04318195652173911,69,-0.07619208860759494,79,1.0,False,False
82,F 盘口失衡,盘口失衡>0.6 τ=240,50,0.48,0.5344000000000001,-0.06947575999999998,-0.1264400817244422,-0.9730063840855638,0.88825,-0.06229496153846151,26,-0.07725495833333333,24,1.0,False,False
83,G 成交流,成交流 60s 跟随 τ=60,55,0.8363636363636363,0.8345636363636365,-0.006550739090909084,-0.007771535616979563,-0.15370398924548295,0.64435,-0.003588130357142858,28,-0.009623074074074079,27,1.0,False,False
84,G 成交流,成交流 60s 反向 τ=60,59,0.15254237288135594,0.16808474576271187,-0.024014521525423726,-0.1360157676431218,-0.6062676399897627,0.75645,-0.024497024838709684,31,-0.023480321428571416,28,1.0,False,False
85,G 成交流,成交流 60s 跟随 τ=120,125,0.808,0.8247199999999999,-0.025779735999999998,-0.030919120346671505,-0.7739020578259735,0.82515,-0.04128781249999999,64,-0.009508967213114743,61,1.0,False,False
86,G 成交流,成交流 60s 反向 τ=120,130,0.18461538461538463,0.18038461538461537,-0.005044930769230757,-0.026599822735715983,-0.1575200776538514,0.60405,0.00818635294117648,68,-0.01955666129032257,62,1.0,False,False
87,G 成交流,成交流 60s 跟随 τ=240,85,0.6941176470588235,0.7307058823529412,-0.04925881176470588,-0.06626361539974386,-1.0559373125828488,0.8819,-0.12126637500000001,40,0.014747911111111112,45,1.0,False,False
88,G 成交流,成交流 60s 反向 τ=240,85,0.3058823529411765,0.27941176470588236,0.013481635294117661,0.04610671069005588,0.28959381799662937,0.4273,0.08687767500000002,40,-0.051759288888888894,45,1.0,False,False
89,H 开盘价差,开盘模型价差 t=10s θ=0.02,81,0.4567901234567901,0.4582716049382717,-0.017263456790123442,-0.03641667842932791,-0.3299209933031443,0.66915,0.1502134,35,-0.1446915,46,1.0,False,False
90,H 开盘价差,开盘模型价差 t=10s θ=0.05,42,0.5476190476190477,0.45642857142857146,0.07528330952380953,0.15938516494093866,0.9941013848823035,0.1939,0.19225734782608692,23,-0.06631684210526313,19,1.0,False,False
91,H 开盘价差,开盘模型价差 t=30s θ=0.02,100,0.5,0.4875,-0.0024835699999999866,-0.0049425894661590366,-0.05446468265182643,0.564,-0.0002350909090908939,55,-0.005231711111111099,45,1.0,False,False
92,H 开盘价差,开盘模型价差 t=30s θ=0.05,45,0.5111111111111111,0.4882222222222223,0.008267444444444454,0.016441381273128206,0.1266662773752372,0.51155,0.07230791666666668,24,-0.06492166666666667,21,1.0,False,False
93,I 上一局结果,上一局结果延续,169,0.5088757396449705,0.5075147928994083,-0.015944088757396436,-0.030380118841798948,-0.4208417228146985,0.69105,-0.032210965909090894,88,0.001728567901234582,81,1.0,False,False
94,I 上一局结果,上一局结果反转,169,0.4911242603550296,0.5024852071005917,-0.028669502958579864,-0.055155534717877264,-0.7567590204815567,0.7931,-0.012436170454545436,88,-0.0463057160493827,81,1.0,False,False
95,J 挂单(maker),挂单做市 强势方 τ=60,66,0.7575757575757576,0.7774242424242424,-0.019848484848484848,-0.025531085558370692,-0.3775369537531874,0.71785,-0.1032258064516129,31,0.05399999999999998,35,1.0,False,False
96,J 挂单(maker),挂单做市 弱势方 τ=60,100,0.09,0.19239000000000003,-0.10239,-0.5322002183065646,-3.4081963766615573,0.9991,-0.07315909090909091,44,-0.12535714285714286,56,1.0,False,False
97,J 挂单(maker),挂单做市 强势方 τ=120,166,0.7048192771084337,0.7621686746987951,-0.057349397590361444,-0.07524502055011065,-1.6803379410095174,0.97075,-0.08519480519480518,77,-0.03325842696629213,89,1.0,False,False
98,J 挂单(maker),挂单做市 弱势方 τ=120,196,0.16326530612244897,0.21755102040816326,-0.0542857142857143,-0.24953095684803006,-2.0735288933928677,0.97915,-0.045257731958762905,97,-0.06313131313131314,99,1.0,False,False
99,J 挂单(maker),挂单做市 强势方 τ=240,230,0.6695652173913044,0.6619565217391306,0.007608695652173917,0.011494252873563222,0.24850031876534495,0.43565,-0.02606837606837606,117,0.04247787610619469,113,1.0,False,False
100,J 挂单(maker),挂单做市 弱势方 τ=240,252,0.23809523809523808,0.32365079365079363,-0.08555555555555555,-0.2643452672878862,-3.2545865610632956,0.99915,-0.05711999999999998,125,-0.11354330708661414,127,1.0,False,False
